image_filename,annotation_filename
yolo_data_20220404_247_6.png,yolo_data_20220404_247_6.txt
yolo_data_20220404_175_8.png,yolo_data_20220404_175_8.txt
yolo_data_20220404_7_5.png,yolo_data_20220404_7_5.txt
yolo_data_20220404_150_6.png,yolo_data_20220404_150_6.txt
yolo_data_20220404_161_6.png,yolo_data_20220404_161_6.txt
yolo_data_20220404_60_6.png,yolo_data_20220404_60_6.txt
yolo_data_20220404_213_5.png,yolo_data_20220404_213_5.txt
yolo_data_20220404_219_4.png,yolo_data_20220404_219_4.txt
yolo_data_20220404_126_6.png,yolo_data_20220404_126_6.txt
yolo_data_20220404_197_9.png,yolo_data_20220404_197_9.txt
yolo_data_20220404_17_2.png,yolo_data_20220404_17_2.txt
yolo_data_20220404_72_7.png,yolo_data_20220404_72_7.txt
yolo_data_20220404_215_4.png,yolo_data_20220404_215_4.txt
yolo_data_20220404_174_2.png,yolo_data_20220404_174_2.txt
yolo_data_20220404_145_5.png,yolo_data_20220404_145_5.txt
yolo_data_20220404_156_6.png,yolo_data_20220404_156_6.txt
yolo_data_20220404_126_3.png,yolo_data_20220404_126_3.txt
yolo_data_20220404_98_2.png,yolo_data_20220404_98_2.txt
yolo_data_20220404_115_6.png,yolo_data_20220404_115_6.txt
yolo_data_20220404_178_1.png,yolo_data_20220404_178_1.txt
yolo_data_20220404_135_6.png,yolo_data_20220404_135_6.txt
yolo_data_20220404_67_7.png,yolo_data_20220404_67_7.txt
yolo_data_20220404_200_7.png,yolo_data_20220404_200_7.txt
yolo_data_20220404_164_4.png,yolo_data_20220404_164_4.txt
yolo_data_20220404_14_7.png,yolo_data_20220404_14_7.txt
yolo_data_20220404_44_2.png,yolo_data_20220404_44_2.txt
yolo_data_20220404_37_8.png,yolo_data_20220404_37_8.txt
yolo_data_20220404_37_9.png,yolo_data_20220404_37_9.txt
yolo_data_20220404_54_1.png,yolo_data_20220404_54_1.txt
yolo_data_20220404_77_6.png,yolo_data_20220404_77_6.txt
yolo_data_20220404_19_4.png,yolo_data_20220404_19_4.txt
yolo_data_20220404_176_7.png,yolo_data_20220404_176_7.txt
yolo_data_20220404_2_3.png,yolo_data_20220404_2_3.txt
yolo_data_20220404_69_9.png,yolo_data_20220404_69_9.txt
yolo_data_20220404_239_10.png,yolo_data_20220404_239_10.txt
yolo_data_20220404_15_3.png,yolo_data_20220404_15_3.txt
yolo_data_20220404_37_7.png,yolo_data_20220404_37_7.txt
yolo_data_20220404_164_6.png,yolo_data_20220404_164_6.txt
yolo_data_20220404_242_3.png,yolo_data_20220404_242_3.txt
yolo_data_20220404_98_1.png,yolo_data_20220404_98_1.txt
yolo_data_20220404_130_9.png,yolo_data_20220404_130_9.txt
yolo_data_20220404_58_2.png,yolo_data_20220404_58_2.txt
yolo_data_20220404_192_8.png,yolo_data_20220404_192_8.txt
yolo_data_20220404_53_6.png,yolo_data_20220404_53_6.txt
yolo_data_20220404_88_8.png,yolo_data_20220404_88_8.txt
yolo_data_20220404_40_2.png,yolo_data_20220404_40_2.txt
yolo_data_20220404_138_3.png,yolo_data_20220404_138_3.txt
yolo_data_20220404_147_3.png,yolo_data_20220404_147_3.txt
yolo_data_20220404_230_9.png,yolo_data_20220404_230_9.txt
yolo_data_20220404_83_5.png,yolo_data_20220404_83_5.txt
yolo_data_20220404_108_3.png,yolo_data_20220404_108_3.txt
yolo_data_20220404_30_6.png,yolo_data_20220404_30_6.txt
yolo_data_20220404_24_10.png,yolo_data_20220404_24_10.txt
yolo_data_20220404_139_9.png,yolo_data_20220404_139_9.txt
yolo_data_20220404_206_9.png,yolo_data_20220404_206_9.txt
yolo_data_20220404_40_6.png,yolo_data_20220404_40_6.txt
yolo_data_20220404_210_7.png,yolo_data_20220404_210_7.txt
yolo_data_20220404_180_1.png,yolo_data_20220404_180_1.txt
yolo_data_20220404_192_10.png,yolo_data_20220404_192_10.txt
yolo_data_20220404_209_4.png,yolo_data_20220404_209_4.txt
yolo_data_20220404_228_2.png,yolo_data_20220404_228_2.txt
yolo_data_20220404_31_3.png,yolo_data_20220404_31_3.txt
yolo_data_20220404_52_3.png,yolo_data_20220404_52_3.txt
yolo_data_20220404_136_2.png,yolo_data_20220404_136_2.txt
yolo_data_20220404_167_1.png,yolo_data_20220404_167_1.txt
yolo_data_20220404_46_7.png,yolo_data_20220404_46_7.txt
yolo_data_20220404_218_2.png,yolo_data_20220404_218_2.txt
yolo_data_20220404_214_5.png,yolo_data_20220404_214_5.txt
yolo_data_20220404_160_3.png,yolo_data_20220404_160_3.txt
yolo_data_20220404_16_5.png,yolo_data_20220404_16_5.txt
yolo_data_20220404_242_2.png,yolo_data_20220404_242_2.txt
yolo_data_20220404_160_1.png,yolo_data_20220404_160_1.txt
yolo_data_20220404_106_8.png,yolo_data_20220404_106_8.txt
yolo_data_20220404_181_10.png,yolo_data_20220404_181_10.txt
yolo_data_20220404_228_1.png,yolo_data_20220404_228_1.txt
yolo_data_20220404_223_7.png,yolo_data_20220404_223_7.txt
yolo_data_20220404_51_8.png,yolo_data_20220404_51_8.txt
yolo_data_20220404_175_7.png,yolo_data_20220404_175_7.txt
yolo_data_20220404_105_8.png,yolo_data_20220404_105_8.txt
yolo_data_20220404_4_10.png,yolo_data_20220404_4_10.txt
yolo_data_20220404_133_9.png,yolo_data_20220404_133_9.txt
yolo_data_20220404_173_7.png,yolo_data_20220404_173_7.txt
yolo_data_20220404_39_10.png,yolo_data_20220404_39_10.txt
yolo_data_20220404_30_1.png,yolo_data_20220404_30_1.txt
yolo_data_20220404_97_8.png,yolo_data_20220404_97_8.txt
yolo_data_20220404_65_10.png,yolo_data_20220404_65_10.txt
yolo_data_20220404_27_6.png,yolo_data_20220404_27_6.txt
yolo_data_20220404_233_8.png,yolo_data_20220404_233_8.txt
yolo_data_20220404_120_1.png,yolo_data_20220404_120_1.txt
yolo_data_20220404_158_2.png,yolo_data_20220404_158_2.txt
yolo_data_20220404_204_4.png,yolo_data_20220404_204_4.txt
yolo_data_20220404_70_5.png,yolo_data_20220404_70_5.txt
yolo_data_20220404_241_8.png,yolo_data_20220404_241_8.txt
yolo_data_20220404_43_10.png,yolo_data_20220404_43_10.txt
yolo_data_20220404_115_8.png,yolo_data_20220404_115_8.txt
yolo_data_20220404_96_8.png,yolo_data_20220404_96_8.txt
yolo_data_20220404_99_5.png,yolo_data_20220404_99_5.txt
yolo_data_20220404_46_1.png,yolo_data_20220404_46_1.txt
yolo_data_20220404_161_9.png,yolo_data_20220404_161_9.txt
yolo_data_20220404_71_6.png,yolo_data_20220404_71_6.txt
yolo_data_20220404_181_8.png,yolo_data_20220404_181_8.txt
yolo_data_20220404_163_7.png,yolo_data_20220404_163_7.txt
yolo_data_20220404_198_6.png,yolo_data_20220404_198_6.txt
yolo_data_20220404_59_5.png,yolo_data_20220404_59_5.txt
yolo_data_20220404_97_4.png,yolo_data_20220404_97_4.txt
yolo_data_20220404_33_5.png,yolo_data_20220404_33_5.txt
yolo_data_20220404_151_5.png,yolo_data_20220404_151_5.txt
yolo_data_20220404_144_10.png,yolo_data_20220404_144_10.txt
yolo_data_20220404_204_2.png,yolo_data_20220404_204_2.txt
yolo_data_20220404_82_10.png,yolo_data_20220404_82_10.txt
yolo_data_20220404_44_7.png,yolo_data_20220404_44_7.txt
yolo_data_20220404_192_2.png,yolo_data_20220404_192_2.txt
yolo_data_20220404_192_6.png,yolo_data_20220404_192_6.txt
yolo_data_20220404_36_4.png,yolo_data_20220404_36_4.txt
yolo_data_20220404_233_9.png,yolo_data_20220404_233_9.txt
yolo_data_20220404_62_1.png,yolo_data_20220404_62_1.txt
yolo_data_20220404_173_4.png,yolo_data_20220404_173_4.txt
yolo_data_20220404_87_2.png,yolo_data_20220404_87_2.txt
yolo_data_20220404_238_7.png,yolo_data_20220404_238_7.txt
yolo_data_20220404_159_6.png,yolo_data_20220404_159_6.txt
yolo_data_20220404_50_6.png,yolo_data_20220404_50_6.txt
yolo_data_20220404_59_3.png,yolo_data_20220404_59_3.txt
yolo_data_20220404_137_3.png,yolo_data_20220404_137_3.txt
yolo_data_20220404_96_10.png,yolo_data_20220404_96_10.txt
yolo_data_20220404_221_5.png,yolo_data_20220404_221_5.txt
yolo_data_20220404_194_9.png,yolo_data_20220404_194_9.txt
yolo_data_20220404_185_3.png,yolo_data_20220404_185_3.txt
yolo_data_20220404_24_2.png,yolo_data_20220404_24_2.txt
yolo_data_20220404_179_3.png,yolo_data_20220404_179_3.txt
yolo_data_20220404_146_2.png,yolo_data_20220404_146_2.txt
yolo_data_20220404_161_4.png,yolo_data_20220404_161_4.txt
yolo_data_20220404_86_4.png,yolo_data_20220404_86_4.txt
yolo_data_20220404_108_8.png,yolo_data_20220404_108_8.txt
yolo_data_20220404_213_10.png,yolo_data_20220404_213_10.txt
yolo_data_20220404_104_7.png,yolo_data_20220404_104_7.txt
yolo_data_20220404_217_10.png,yolo_data_20220404_217_10.txt
yolo_data_20220404_94_6.png,yolo_data_20220404_94_6.txt
yolo_data_20220404_165_7.png,yolo_data_20220404_165_7.txt
yolo_data_20220404_183_5.png,yolo_data_20220404_183_5.txt
yolo_data_20220404_190_9.png,yolo_data_20220404_190_9.txt
yolo_data_20220404_199_8.png,yolo_data_20220404_199_8.txt
yolo_data_20220404_143_8.png,yolo_data_20220404_143_8.txt
yolo_data_20220404_231_5.png,yolo_data_20220404_231_5.txt
yolo_data_20220404_219_8.png,yolo_data_20220404_219_8.txt
yolo_data_20220404_35_4.png,yolo_data_20220404_35_4.txt
yolo_data_20220404_131_7.png,yolo_data_20220404_131_7.txt
yolo_data_20220404_221_6.png,yolo_data_20220404_221_6.txt
yolo_data_20220404_72_10.png,yolo_data_20220404_72_10.txt
yolo_data_20220404_27_4.png,yolo_data_20220404_27_4.txt
yolo_data_20220404_237_9.png,yolo_data_20220404_237_9.txt
yolo_data_20220404_95_8.png,yolo_data_20220404_95_8.txt
yolo_data_20220404_55_5.png,yolo_data_20220404_55_5.txt
yolo_data_20220404_134_7.png,yolo_data_20220404_134_7.txt
yolo_data_20220404_150_2.png,yolo_data_20220404_150_2.txt
yolo_data_20220404_239_1.png,yolo_data_20220404_239_1.txt
yolo_data_20220404_227_8.png,yolo_data_20220404_227_8.txt
yolo_data_20220404_203_7.png,yolo_data_20220404_203_7.txt
yolo_data_20220404_78_2.png,yolo_data_20220404_78_2.txt
yolo_data_20220404_166_4.png,yolo_data_20220404_166_4.txt
yolo_data_20220404_148_10.png,yolo_data_20220404_148_10.txt
yolo_data_20220404_164_10.png,yolo_data_20220404_164_10.txt
yolo_data_20220404_89_6.png,yolo_data_20220404_89_6.txt
yolo_data_20220404_146_5.png,yolo_data_20220404_146_5.txt
yolo_data_20220404_132_1.png,yolo_data_20220404_132_1.txt
yolo_data_20220404_239_7.png,yolo_data_20220404_239_7.txt
yolo_data_20220404_102_4.png,yolo_data_20220404_102_4.txt
yolo_data_20220404_162_4.png,yolo_data_20220404_162_4.txt
yolo_data_20220404_190_8.png,yolo_data_20220404_190_8.txt
yolo_data_20220404_177_5.png,yolo_data_20220404_177_5.txt
yolo_data_20220404_3_4.png,yolo_data_20220404_3_4.txt
yolo_data_20220404_100_2.png,yolo_data_20220404_100_2.txt
yolo_data_20220404_171_2.png,yolo_data_20220404_171_2.txt
yolo_data_20220404_246_1.png,yolo_data_20220404_246_1.txt
yolo_data_20220404_144_3.png,yolo_data_20220404_144_3.txt
yolo_data_20220404_216_10.png,yolo_data_20220404_216_10.txt
yolo_data_20220404_136_9.png,yolo_data_20220404_136_9.txt
yolo_data_20220404_174_7.png,yolo_data_20220404_174_7.txt
yolo_data_20220404_249_4.png,yolo_data_20220404_249_4.txt
yolo_data_20220404_188_6.png,yolo_data_20220404_188_6.txt
yolo_data_20220404_1_6.png,yolo_data_20220404_1_6.txt
yolo_data_20220404_148_7.png,yolo_data_20220404_148_7.txt
yolo_data_20220404_166_5.png,yolo_data_20220404_166_5.txt
yolo_data_20220404_1_10.png,yolo_data_20220404_1_10.txt
yolo_data_20220404_183_3.png,yolo_data_20220404_183_3.txt
yolo_data_20220404_91_5.png,yolo_data_20220404_91_5.txt
yolo_data_20220404_244_5.png,yolo_data_20220404_244_5.txt
yolo_data_20220404_151_7.png,yolo_data_20220404_151_7.txt
yolo_data_20220404_77_1.png,yolo_data_20220404_77_1.txt
yolo_data_20220404_162_10.png,yolo_data_20220404_162_10.txt
yolo_data_20220404_214_6.png,yolo_data_20220404_214_6.txt
yolo_data_20220404_187_3.png,yolo_data_20220404_187_3.txt
yolo_data_20220404_238_4.png,yolo_data_20220404_238_4.txt
yolo_data_20220404_86_7.png,yolo_data_20220404_86_7.txt
yolo_data_20220404_157_8.png,yolo_data_20220404_157_8.txt
yolo_data_20220404_156_1.png,yolo_data_20220404_156_1.txt
yolo_data_20220404_25_8.png,yolo_data_20220404_25_8.txt
yolo_data_20220404_135_4.png,yolo_data_20220404_135_4.txt
yolo_data_20220404_145_2.png,yolo_data_20220404_145_2.txt
yolo_data_20220404_98_6.png,yolo_data_20220404_98_6.txt
yolo_data_20220404_154_3.png,yolo_data_20220404_154_3.txt
yolo_data_20220404_18_10.png,yolo_data_20220404_18_10.txt
yolo_data_20220404_56_7.png,yolo_data_20220404_56_7.txt
yolo_data_20220404_173_3.png,yolo_data_20220404_173_3.txt
yolo_data_20220404_123_4.png,yolo_data_20220404_123_4.txt
yolo_data_20220404_114_9.png,yolo_data_20220404_114_9.txt
yolo_data_20220404_80_2.png,yolo_data_20220404_80_2.txt
yolo_data_20220404_129_1.png,yolo_data_20220404_129_1.txt
yolo_data_20220404_23_8.png,yolo_data_20220404_23_8.txt
yolo_data_20220404_116_9.png,yolo_data_20220404_116_9.txt
yolo_data_20220404_132_9.png,yolo_data_20220404_132_9.txt
yolo_data_20220404_235_3.png,yolo_data_20220404_235_3.txt
yolo_data_20220404_39_4.png,yolo_data_20220404_39_4.txt
yolo_data_20220404_236_6.png,yolo_data_20220404_236_6.txt
yolo_data_20220404_108_5.png,yolo_data_20220404_108_5.txt
yolo_data_20220404_224_3.png,yolo_data_20220404_224_3.txt
yolo_data_20220404_186_10.png,yolo_data_20220404_186_10.txt
yolo_data_20220404_41_2.png,yolo_data_20220404_41_2.txt
yolo_data_20220404_138_2.png,yolo_data_20220404_138_2.txt
yolo_data_20220404_204_8.png,yolo_data_20220404_204_8.txt
yolo_data_20220404_222_3.png,yolo_data_20220404_222_3.txt
yolo_data_20220404_90_8.png,yolo_data_20220404_90_8.txt
yolo_data_20220404_158_4.png,yolo_data_20220404_158_4.txt
yolo_data_20220404_35_10.png,yolo_data_20220404_35_10.txt
yolo_data_20220404_125_2.png,yolo_data_20220404_125_2.txt
yolo_data_20220404_111_1.png,yolo_data_20220404_111_1.txt
yolo_data_20220404_73_8.png,yolo_data_20220404_73_8.txt
yolo_data_20220404_103_6.png,yolo_data_20220404_103_6.txt
yolo_data_20220404_195_1.png,yolo_data_20220404_195_1.txt
yolo_data_20220404_79_3.png,yolo_data_20220404_79_3.txt
yolo_data_20220404_244_3.png,yolo_data_20220404_244_3.txt
yolo_data_20220404_249_1.png,yolo_data_20220404_249_1.txt
yolo_data_20220404_35_7.png,yolo_data_20220404_35_7.txt
yolo_data_20220404_99_1.png,yolo_data_20220404_99_1.txt
yolo_data_20220404_201_10.png,yolo_data_20220404_201_10.txt
yolo_data_20220404_18_6.png,yolo_data_20220404_18_6.txt
yolo_data_20220404_241_2.png,yolo_data_20220404_241_2.txt
yolo_data_20220404_75_2.png,yolo_data_20220404_75_2.txt
yolo_data_20220404_121_1.png,yolo_data_20220404_121_1.txt
yolo_data_20220404_113_2.png,yolo_data_20220404_113_2.txt
yolo_data_20220404_246_6.png,yolo_data_20220404_246_6.txt
yolo_data_20220404_171_8.png,yolo_data_20220404_171_8.txt
yolo_data_20220404_203_2.png,yolo_data_20220404_203_2.txt
yolo_data_20220404_124_9.png,yolo_data_20220404_124_9.txt
yolo_data_20220404_200_9.png,yolo_data_20220404_200_9.txt
yolo_data_20220404_235_4.png,yolo_data_20220404_235_4.txt
yolo_data_20220404_250_8.png,yolo_data_20220404_250_8.txt
yolo_data_20220404_143_3.png,yolo_data_20220404_143_3.txt
yolo_data_20220404_235_2.png,yolo_data_20220404_235_2.txt
yolo_data_20220404_17_6.png,yolo_data_20220404_17_6.txt
yolo_data_20220404_105_5.png,yolo_data_20220404_105_5.txt
yolo_data_20220404_68_7.png,yolo_data_20220404_68_7.txt
yolo_data_20220404_36_2.png,yolo_data_20220404_36_2.txt
yolo_data_20220404_115_2.png,yolo_data_20220404_115_2.txt
yolo_data_20220404_114_2.png,yolo_data_20220404_114_2.txt
yolo_data_20220404_5_9.png,yolo_data_20220404_5_9.txt
yolo_data_20220404_215_10.png,yolo_data_20220404_215_10.txt
yolo_data_20220404_104_5.png,yolo_data_20220404_104_5.txt
yolo_data_20220404_7_3.png,yolo_data_20220404_7_3.txt
yolo_data_20220404_184_10.png,yolo_data_20220404_184_10.txt
yolo_data_20220404_68_2.png,yolo_data_20220404_68_2.txt
yolo_data_20220404_25_1.png,yolo_data_20220404_25_1.txt
yolo_data_20220404_139_5.png,yolo_data_20220404_139_5.txt
yolo_data_20220404_217_1.png,yolo_data_20220404_217_1.txt
yolo_data_20220404_153_7.png,yolo_data_20220404_153_7.txt
yolo_data_20220404_72_4.png,yolo_data_20220404_72_4.txt
yolo_data_20220404_217_5.png,yolo_data_20220404_217_5.txt
yolo_data_20220404_14_1.png,yolo_data_20220404_14_1.txt
yolo_data_20220404_119_7.png,yolo_data_20220404_119_7.txt
yolo_data_20220404_115_3.png,yolo_data_20220404_115_3.txt
yolo_data_20220404_159_7.png,yolo_data_20220404_159_7.txt
yolo_data_20220404_137_4.png,yolo_data_20220404_137_4.txt
yolo_data_20220404_104_6.png,yolo_data_20220404_104_6.txt
yolo_data_20220404_84_6.png,yolo_data_20220404_84_6.txt
yolo_data_20220404_239_2.png,yolo_data_20220404_239_2.txt
yolo_data_20220404_123_10.png,yolo_data_20220404_123_10.txt
yolo_data_20220404_209_8.png,yolo_data_20220404_209_8.txt
yolo_data_20220404_31_5.png,yolo_data_20220404_31_5.txt
yolo_data_20220404_98_10.png,yolo_data_20220404_98_10.txt
yolo_data_20220404_15_1.png,yolo_data_20220404_15_1.txt
yolo_data_20220404_12_3.png,yolo_data_20220404_12_3.txt
yolo_data_20220404_208_6.png,yolo_data_20220404_208_6.txt
yolo_data_20220404_75_10.png,yolo_data_20220404_75_10.txt
yolo_data_20220404_157_5.png,yolo_data_20220404_157_5.txt
yolo_data_20220404_133_5.png,yolo_data_20220404_133_5.txt
yolo_data_20220404_202_4.png,yolo_data_20220404_202_4.txt
yolo_data_20220404_154_4.png,yolo_data_20220404_154_4.txt
yolo_data_20220404_27_8.png,yolo_data_20220404_27_8.txt
yolo_data_20220404_230_6.png,yolo_data_20220404_230_6.txt
yolo_data_20220404_162_2.png,yolo_data_20220404_162_2.txt
yolo_data_20220404_155_5.png,yolo_data_20220404_155_5.txt
yolo_data_20220404_232_10.png,yolo_data_20220404_232_10.txt
yolo_data_20220404_50_5.png,yolo_data_20220404_50_5.txt
yolo_data_20220404_240_1.png,yolo_data_20220404_240_1.txt
yolo_data_20220404_134_2.png,yolo_data_20220404_134_2.txt
yolo_data_20220404_15_2.png,yolo_data_20220404_15_2.txt
yolo_data_20220404_118_9.png,yolo_data_20220404_118_9.txt
yolo_data_20220404_48_1.png,yolo_data_20220404_48_1.txt
yolo_data_20220404_168_1.png,yolo_data_20220404_168_1.txt
yolo_data_20220404_128_6.png,yolo_data_20220404_128_6.txt
yolo_data_20220404_159_8.png,yolo_data_20220404_159_8.txt
yolo_data_20220404_29_1.png,yolo_data_20220404_29_1.txt
yolo_data_20220404_119_9.png,yolo_data_20220404_119_9.txt
yolo_data_20220404_83_1.png,yolo_data_20220404_83_1.txt
yolo_data_20220404_119_1.png,yolo_data_20220404_119_1.txt
yolo_data_20220404_78_1.png,yolo_data_20220404_78_1.txt
yolo_data_20220404_234_9.png,yolo_data_20220404_234_9.txt
yolo_data_20220404_188_3.png,yolo_data_20220404_188_3.txt
yolo_data_20220404_56_8.png,yolo_data_20220404_56_8.txt
yolo_data_20220404_148_4.png,yolo_data_20220404_148_4.txt
yolo_data_20220404_23_9.png,yolo_data_20220404_23_9.txt
yolo_data_20220404_194_7.png,yolo_data_20220404_194_7.txt
yolo_data_20220404_85_1.png,yolo_data_20220404_85_1.txt
yolo_data_20220404_124_10.png,yolo_data_20220404_124_10.txt
yolo_data_20220404_171_6.png,yolo_data_20220404_171_6.txt
yolo_data_20220404_231_6.png,yolo_data_20220404_231_6.txt
yolo_data_20220404_99_3.png,yolo_data_20220404_99_3.txt
yolo_data_20220404_88_9.png,yolo_data_20220404_88_9.txt
yolo_data_20220404_198_1.png,yolo_data_20220404_198_1.txt
yolo_data_20220404_231_1.png,yolo_data_20220404_231_1.txt
yolo_data_20220404_159_1.png,yolo_data_20220404_159_1.txt
yolo_data_20220404_133_7.png,yolo_data_20220404_133_7.txt
yolo_data_20220404_80_3.png,yolo_data_20220404_80_3.txt
yolo_data_20220404_29_8.png,yolo_data_20220404_29_8.txt
yolo_data_20220404_209_9.png,yolo_data_20220404_209_9.txt
yolo_data_20220404_8_5.png,yolo_data_20220404_8_5.txt
yolo_data_20220404_58_3.png,yolo_data_20220404_58_3.txt
yolo_data_20220404_29_9.png,yolo_data_20220404_29_9.txt
yolo_data_20220404_237_4.png,yolo_data_20220404_237_4.txt
yolo_data_20220404_227_6.png,yolo_data_20220404_227_6.txt
yolo_data_20220404_50_9.png,yolo_data_20220404_50_9.txt
yolo_data_20220404_157_6.png,yolo_data_20220404_157_6.txt
yolo_data_20220404_205_4.png,yolo_data_20220404_205_4.txt
yolo_data_20220404_238_1.png,yolo_data_20220404_238_1.txt
yolo_data_20220404_106_6.png,yolo_data_20220404_106_6.txt
yolo_data_20220404_58_7.png,yolo_data_20220404_58_7.txt
yolo_data_20220404_53_2.png,yolo_data_20220404_53_2.txt
yolo_data_20220404_91_2.png,yolo_data_20220404_91_2.txt
yolo_data_20220404_117_10.png,yolo_data_20220404_117_10.txt
yolo_data_20220404_155_6.png,yolo_data_20220404_155_6.txt
yolo_data_20220404_113_4.png,yolo_data_20220404_113_4.txt
yolo_data_20220404_34_10.png,yolo_data_20220404_34_10.txt
yolo_data_20220404_141_2.png,yolo_data_20220404_141_2.txt
yolo_data_20220404_125_8.png,yolo_data_20220404_125_8.txt
yolo_data_20220404_150_1.png,yolo_data_20220404_150_1.txt
yolo_data_20220404_79_9.png,yolo_data_20220404_79_9.txt
yolo_data_20220404_96_7.png,yolo_data_20220404_96_7.txt
yolo_data_20220404_108_7.png,yolo_data_20220404_108_7.txt
yolo_data_20220404_39_9.png,yolo_data_20220404_39_9.txt
yolo_data_20220404_65_2.png,yolo_data_20220404_65_2.txt
yolo_data_20220404_244_8.png,yolo_data_20220404_244_8.txt
yolo_data_20220404_186_7.png,yolo_data_20220404_186_7.txt
yolo_data_20220404_176_6.png,yolo_data_20220404_176_6.txt
yolo_data_20220404_54_9.png,yolo_data_20220404_54_9.txt
yolo_data_20220404_117_9.png,yolo_data_20220404_117_9.txt
yolo_data_20220404_150_7.png,yolo_data_20220404_150_7.txt
yolo_data_20220404_80_1.png,yolo_data_20220404_80_1.txt
yolo_data_20220404_39_6.png,yolo_data_20220404_39_6.txt
yolo_data_20220404_118_5.png,yolo_data_20220404_118_5.txt
yolo_data_20220404_119_6.png,yolo_data_20220404_119_6.txt
yolo_data_20220404_7_2.png,yolo_data_20220404_7_2.txt
yolo_data_20220404_243_5.png,yolo_data_20220404_243_5.txt
yolo_data_20220404_246_8.png,yolo_data_20220404_246_8.txt
yolo_data_20220404_27_10.png,yolo_data_20220404_27_10.txt
yolo_data_20220404_45_6.png,yolo_data_20220404_45_6.txt
yolo_data_20220404_192_9.png,yolo_data_20220404_192_9.txt
yolo_data_20220404_58_6.png,yolo_data_20220404_58_6.txt
yolo_data_20220404_84_2.png,yolo_data_20220404_84_2.txt
yolo_data_20220404_124_5.png,yolo_data_20220404_124_5.txt
yolo_data_20220404_144_1.png,yolo_data_20220404_144_1.txt
yolo_data_20220404_193_5.png,yolo_data_20220404_193_5.txt
yolo_data_20220404_78_6.png,yolo_data_20220404_78_6.txt
yolo_data_20220404_186_6.png,yolo_data_20220404_186_6.txt
yolo_data_20220404_162_8.png,yolo_data_20220404_162_8.txt
yolo_data_20220404_5_2.png,yolo_data_20220404_5_2.txt
yolo_data_20220404_77_3.png,yolo_data_20220404_77_3.txt
yolo_data_20220404_216_1.png,yolo_data_20220404_216_1.txt
yolo_data_20220404_33_8.png,yolo_data_20220404_33_8.txt
yolo_data_20220404_182_4.png,yolo_data_20220404_182_4.txt
yolo_data_20220404_30_10.png,yolo_data_20220404_30_10.txt
yolo_data_20220404_205_3.png,yolo_data_20220404_205_3.txt
yolo_data_20220404_19_10.png,yolo_data_20220404_19_10.txt
yolo_data_20220404_150_3.png,yolo_data_20220404_150_3.txt
yolo_data_20220404_52_5.png,yolo_data_20220404_52_5.txt
yolo_data_20220404_91_4.png,yolo_data_20220404_91_4.txt
yolo_data_20220404_236_8.png,yolo_data_20220404_236_8.txt
yolo_data_20220404_145_7.png,yolo_data_20220404_145_7.txt
yolo_data_20220404_105_7.png,yolo_data_20220404_105_7.txt
yolo_data_20220404_191_7.png,yolo_data_20220404_191_7.txt
yolo_data_20220404_168_6.png,yolo_data_20220404_168_6.txt
yolo_data_20220404_237_8.png,yolo_data_20220404_237_8.txt
yolo_data_20220404_175_6.png,yolo_data_20220404_175_6.txt
yolo_data_20220404_216_6.png,yolo_data_20220404_216_6.txt
yolo_data_20220404_114_7.png,yolo_data_20220404_114_7.txt
yolo_data_20220404_213_2.png,yolo_data_20220404_213_2.txt
yolo_data_20220404_171_7.png,yolo_data_20220404_171_7.txt
yolo_data_20220404_132_8.png,yolo_data_20220404_132_8.txt
yolo_data_20220404_196_3.png,yolo_data_20220404_196_3.txt
yolo_data_20220404_109_1.png,yolo_data_20220404_109_1.txt
yolo_data_20220404_115_10.png,yolo_data_20220404_115_10.txt
yolo_data_20220404_247_2.png,yolo_data_20220404_247_2.txt
yolo_data_20220404_215_6.png,yolo_data_20220404_215_6.txt
yolo_data_20220404_205_5.png,yolo_data_20220404_205_5.txt
yolo_data_20220404_89_7.png,yolo_data_20220404_89_7.txt
yolo_data_20220404_218_10.png,yolo_data_20220404_218_10.txt
yolo_data_20220404_184_1.png,yolo_data_20220404_184_1.txt
yolo_data_20220404_102_3.png,yolo_data_20220404_102_3.txt
yolo_data_20220404_194_5.png,yolo_data_20220404_194_5.txt
yolo_data_20220404_105_2.png,yolo_data_20220404_105_2.txt
yolo_data_20220404_13_7.png,yolo_data_20220404_13_7.txt
yolo_data_20220404_54_6.png,yolo_data_20220404_54_6.txt
yolo_data_20220404_38_3.png,yolo_data_20220404_38_3.txt
yolo_data_20220404_83_2.png,yolo_data_20220404_83_2.txt
yolo_data_20220404_92_2.png,yolo_data_20220404_92_2.txt
yolo_data_20220404_12_1.png,yolo_data_20220404_12_1.txt
yolo_data_20220404_47_5.png,yolo_data_20220404_47_5.txt
yolo_data_20220404_214_10.png,yolo_data_20220404_214_10.txt
yolo_data_20220404_84_5.png,yolo_data_20220404_84_5.txt
yolo_data_20220404_20_5.png,yolo_data_20220404_20_5.txt
yolo_data_20220404_64_10.png,yolo_data_20220404_64_10.txt
yolo_data_20220404_40_4.png,yolo_data_20220404_40_4.txt
yolo_data_20220404_7_6.png,yolo_data_20220404_7_6.txt
yolo_data_20220404_193_4.png,yolo_data_20220404_193_4.txt
yolo_data_20220404_12_2.png,yolo_data_20220404_12_2.txt
yolo_data_20220404_72_3.png,yolo_data_20220404_72_3.txt
yolo_data_20220404_217_7.png,yolo_data_20220404_217_7.txt
yolo_data_20220404_175_1.png,yolo_data_20220404_175_1.txt
yolo_data_20220404_23_6.png,yolo_data_20220404_23_6.txt
yolo_data_20220404_65_8.png,yolo_data_20220404_65_8.txt
yolo_data_20220404_166_10.png,yolo_data_20220404_166_10.txt
yolo_data_20220404_174_5.png,yolo_data_20220404_174_5.txt
yolo_data_20220404_144_9.png,yolo_data_20220404_144_9.txt
yolo_data_20220404_205_9.png,yolo_data_20220404_205_9.txt
yolo_data_20220404_231_2.png,yolo_data_20220404_231_2.txt
yolo_data_20220404_99_6.png,yolo_data_20220404_99_6.txt
yolo_data_20220404_79_10.png,yolo_data_20220404_79_10.txt
yolo_data_20220404_60_8.png,yolo_data_20220404_60_8.txt
yolo_data_20220404_59_6.png,yolo_data_20220404_59_6.txt
yolo_data_20220404_148_2.png,yolo_data_20220404_148_2.txt
yolo_data_20220404_196_1.png,yolo_data_20220404_196_1.txt
yolo_data_20220404_70_1.png,yolo_data_20220404_70_1.txt
yolo_data_20220404_47_1.png,yolo_data_20220404_47_1.txt
yolo_data_20220404_189_3.png,yolo_data_20220404_189_3.txt
yolo_data_20220404_41_5.png,yolo_data_20220404_41_5.txt
yolo_data_20220404_222_5.png,yolo_data_20220404_222_5.txt
yolo_data_20220404_149_10.png,yolo_data_20220404_149_10.txt
yolo_data_20220404_165_6.png,yolo_data_20220404_165_6.txt
yolo_data_20220404_138_8.png,yolo_data_20220404_138_8.txt
yolo_data_20220404_227_5.png,yolo_data_20220404_227_5.txt
yolo_data_20220404_116_8.png,yolo_data_20220404_116_8.txt
yolo_data_20220404_135_3.png,yolo_data_20220404_135_3.txt
yolo_data_20220404_71_10.png,yolo_data_20220404_71_10.txt
yolo_data_20220404_185_1.png,yolo_data_20220404_185_1.txt
yolo_data_20220404_114_4.png,yolo_data_20220404_114_4.txt
yolo_data_20220404_241_9.png,yolo_data_20220404_241_9.txt
yolo_data_20220404_147_8.png,yolo_data_20220404_147_8.txt
yolo_data_20220404_199_2.png,yolo_data_20220404_199_2.txt
yolo_data_20220404_158_7.png,yolo_data_20220404_158_7.txt
yolo_data_20220404_157_9.png,yolo_data_20220404_157_9.txt
yolo_data_20220404_34_5.png,yolo_data_20220404_34_5.txt
yolo_data_20220404_85_5.png,yolo_data_20220404_85_5.txt
yolo_data_20220404_99_7.png,yolo_data_20220404_99_7.txt
yolo_data_20220404_39_7.png,yolo_data_20220404_39_7.txt
yolo_data_20220404_31_4.png,yolo_data_20220404_31_4.txt
yolo_data_20220404_205_1.png,yolo_data_20220404_205_1.txt
yolo_data_20220404_59_2.png,yolo_data_20220404_59_2.txt
yolo_data_20220404_14_8.png,yolo_data_20220404_14_8.txt
yolo_data_20220404_126_9.png,yolo_data_20220404_126_9.txt
yolo_data_20220404_221_9.png,yolo_data_20220404_221_9.txt
yolo_data_20220404_82_1.png,yolo_data_20220404_82_1.txt
yolo_data_20220404_106_1.png,yolo_data_20220404_106_1.txt
yolo_data_20220404_92_7.png,yolo_data_20220404_92_7.txt
yolo_data_20220404_208_8.png,yolo_data_20220404_208_8.txt
yolo_data_20220404_80_9.png,yolo_data_20220404_80_9.txt
yolo_data_20220404_152_10.png,yolo_data_20220404_152_10.txt
yolo_data_20220404_63_8.png,yolo_data_20220404_63_8.txt
yolo_data_20220404_177_7.png,yolo_data_20220404_177_7.txt
yolo_data_20220404_87_4.png,yolo_data_20220404_87_4.txt
yolo_data_20220404_30_8.png,yolo_data_20220404_30_8.txt
yolo_data_20220404_99_10.png,yolo_data_20220404_99_10.txt
yolo_data_20220404_234_6.png,yolo_data_20220404_234_6.txt
yolo_data_20220404_168_2.png,yolo_data_20220404_168_2.txt
yolo_data_20220404_3_1.png,yolo_data_20220404_3_1.txt
yolo_data_20220404_150_5.png,yolo_data_20220404_150_5.txt
yolo_data_20220404_76_7.png,yolo_data_20220404_76_7.txt
yolo_data_20220404_9_1.png,yolo_data_20220404_9_1.txt
yolo_data_20220404_148_5.png,yolo_data_20220404_148_5.txt
yolo_data_20220404_220_10.png,yolo_data_20220404_220_10.txt
yolo_data_20220404_1_5.png,yolo_data_20220404_1_5.txt
yolo_data_20220404_146_3.png,yolo_data_20220404_146_3.txt
yolo_data_20220404_125_4.png,yolo_data_20220404_125_4.txt
yolo_data_20220404_56_4.png,yolo_data_20220404_56_4.txt
yolo_data_20220404_48_4.png,yolo_data_20220404_48_4.txt
yolo_data_20220404_188_7.png,yolo_data_20220404_188_7.txt
yolo_data_20220404_187_10.png,yolo_data_20220404_187_10.txt
yolo_data_20220404_86_9.png,yolo_data_20220404_86_9.txt
yolo_data_20220404_236_9.png,yolo_data_20220404_236_9.txt
yolo_data_20220404_92_1.png,yolo_data_20220404_92_1.txt
yolo_data_20220404_147_9.png,yolo_data_20220404_147_9.txt
yolo_data_20220404_213_6.png,yolo_data_20220404_213_6.txt
yolo_data_20220404_52_4.png,yolo_data_20220404_52_4.txt
yolo_data_20220404_149_8.png,yolo_data_20220404_149_8.txt
yolo_data_20220404_182_10.png,yolo_data_20220404_182_10.txt
yolo_data_20220404_215_3.png,yolo_data_20220404_215_3.txt
yolo_data_20220404_136_10.png,yolo_data_20220404_136_10.txt
yolo_data_20220404_73_7.png,yolo_data_20220404_73_7.txt
yolo_data_20220404_236_10.png,yolo_data_20220404_236_10.txt
yolo_data_20220404_230_1.png,yolo_data_20220404_230_1.txt
yolo_data_20220404_89_9.png,yolo_data_20220404_89_9.txt
yolo_data_20220404_130_3.png,yolo_data_20220404_130_3.txt
yolo_data_20220404_67_8.png,yolo_data_20220404_67_8.txt
yolo_data_20220404_162_9.png,yolo_data_20220404_162_9.txt
yolo_data_20220404_180_9.png,yolo_data_20220404_180_9.txt
yolo_data_20220404_100_10.png,yolo_data_20220404_100_10.txt
yolo_data_20220404_238_6.png,yolo_data_20220404_238_6.txt
yolo_data_20220404_154_7.png,yolo_data_20220404_154_7.txt
yolo_data_20220404_154_5.png,yolo_data_20220404_154_5.txt
yolo_data_20220404_41_4.png,yolo_data_20220404_41_4.txt
yolo_data_20220404_104_2.png,yolo_data_20220404_104_2.txt
yolo_data_20220404_197_10.png,yolo_data_20220404_197_10.txt
yolo_data_20220404_223_3.png,yolo_data_20220404_223_3.txt
yolo_data_20220404_5_6.png,yolo_data_20220404_5_6.txt
yolo_data_20220404_140_10.png,yolo_data_20220404_140_10.txt
yolo_data_20220404_97_9.png,yolo_data_20220404_97_9.txt
yolo_data_20220404_191_8.png,yolo_data_20220404_191_8.txt
yolo_data_20220404_69_3.png,yolo_data_20220404_69_3.txt
yolo_data_20220404_243_6.png,yolo_data_20220404_243_6.txt
yolo_data_20220404_195_2.png,yolo_data_20220404_195_2.txt
yolo_data_20220404_56_6.png,yolo_data_20220404_56_6.txt
yolo_data_20220404_84_9.png,yolo_data_20220404_84_9.txt
yolo_data_20220404_213_1.png,yolo_data_20220404_213_1.txt
yolo_data_20220404_131_9.png,yolo_data_20220404_131_9.txt
yolo_data_20220404_134_4.png,yolo_data_20220404_134_4.txt
yolo_data_20220404_45_5.png,yolo_data_20220404_45_5.txt
yolo_data_20220404_203_8.png,yolo_data_20220404_203_8.txt
yolo_data_20220404_14_4.png,yolo_data_20220404_14_4.txt
yolo_data_20220404_171_5.png,yolo_data_20220404_171_5.txt
yolo_data_20220404_71_8.png,yolo_data_20220404_71_8.txt
yolo_data_20220404_85_2.png,yolo_data_20220404_85_2.txt
yolo_data_20220404_105_9.png,yolo_data_20220404_105_9.txt
yolo_data_20220404_129_8.png,yolo_data_20220404_129_8.txt
yolo_data_20220404_73_6.png,yolo_data_20220404_73_6.txt
yolo_data_20220404_79_8.png,yolo_data_20220404_79_8.txt
yolo_data_20220404_214_9.png,yolo_data_20220404_214_9.txt
yolo_data_20220404_212_9.png,yolo_data_20220404_212_9.txt
yolo_data_20220404_10_4.png,yolo_data_20220404_10_4.txt
yolo_data_20220404_86_2.png,yolo_data_20220404_86_2.txt
yolo_data_20220404_183_7.png,yolo_data_20220404_183_7.txt
yolo_data_20220404_204_6.png,yolo_data_20220404_204_6.txt
yolo_data_20220404_72_1.png,yolo_data_20220404_72_1.txt
yolo_data_20220404_87_8.png,yolo_data_20220404_87_8.txt
yolo_data_20220404_88_1.png,yolo_data_20220404_88_1.txt
yolo_data_20220404_130_10.png,yolo_data_20220404_130_10.txt
yolo_data_20220404_183_8.png,yolo_data_20220404_183_8.txt
yolo_data_20220404_174_3.png,yolo_data_20220404_174_3.txt
yolo_data_20220404_196_5.png,yolo_data_20220404_196_5.txt
yolo_data_20220404_174_8.png,yolo_data_20220404_174_8.txt
yolo_data_20220404_26_4.png,yolo_data_20220404_26_4.txt
yolo_data_20220404_173_1.png,yolo_data_20220404_173_1.txt
yolo_data_20220404_239_9.png,yolo_data_20220404_239_9.txt
yolo_data_20220404_107_2.png,yolo_data_20220404_107_2.txt
yolo_data_20220404_4_2.png,yolo_data_20220404_4_2.txt
yolo_data_20220404_161_1.png,yolo_data_20220404_161_1.txt
yolo_data_20220404_158_6.png,yolo_data_20220404_158_6.txt
yolo_data_20220404_224_10.png,yolo_data_20220404_224_10.txt
yolo_data_20220404_57_1.png,yolo_data_20220404_57_1.txt
yolo_data_20220404_40_1.png,yolo_data_20220404_40_1.txt
yolo_data_20220404_143_9.png,yolo_data_20220404_143_9.txt
yolo_data_20220404_211_1.png,yolo_data_20220404_211_1.txt
yolo_data_20220404_241_4.png,yolo_data_20220404_241_4.txt
yolo_data_20220404_205_7.png,yolo_data_20220404_205_7.txt
yolo_data_20220404_119_4.png,yolo_data_20220404_119_4.txt
yolo_data_20220404_66_1.png,yolo_data_20220404_66_1.txt
yolo_data_20220404_132_5.png,yolo_data_20220404_132_5.txt
yolo_data_20220404_243_4.png,yolo_data_20220404_243_4.txt
yolo_data_20220404_112_2.png,yolo_data_20220404_112_2.txt
yolo_data_20220404_168_10.png,yolo_data_20220404_168_10.txt
yolo_data_20220404_236_1.png,yolo_data_20220404_236_1.txt
yolo_data_20220404_202_10.png,yolo_data_20220404_202_10.txt
yolo_data_20220404_100_7.png,yolo_data_20220404_100_7.txt
yolo_data_20220404_5_7.png,yolo_data_20220404_5_7.txt
yolo_data_20220404_63_10.png,yolo_data_20220404_63_10.txt
yolo_data_20220404_142_10.png,yolo_data_20220404_142_10.txt
yolo_data_20220404_71_2.png,yolo_data_20220404_71_2.txt
yolo_data_20220404_74_3.png,yolo_data_20220404_74_3.txt
yolo_data_20220404_198_4.png,yolo_data_20220404_198_4.txt
yolo_data_20220404_225_4.png,yolo_data_20220404_225_4.txt
yolo_data_20220404_185_9.png,yolo_data_20220404_185_9.txt
yolo_data_20220404_43_4.png,yolo_data_20220404_43_4.txt
yolo_data_20220404_74_9.png,yolo_data_20220404_74_9.txt
yolo_data_20220404_129_10.png,yolo_data_20220404_129_10.txt
yolo_data_20220404_232_1.png,yolo_data_20220404_232_1.txt
yolo_data_20220404_25_3.png,yolo_data_20220404_25_3.txt
yolo_data_20220404_123_3.png,yolo_data_20220404_123_3.txt
yolo_data_20220404_131_10.png,yolo_data_20220404_131_10.txt
yolo_data_20220404_153_1.png,yolo_data_20220404_153_1.txt
yolo_data_20220404_76_8.png,yolo_data_20220404_76_8.txt
yolo_data_20220404_196_2.png,yolo_data_20220404_196_2.txt
yolo_data_20220404_90_4.png,yolo_data_20220404_90_4.txt
yolo_data_20220404_177_9.png,yolo_data_20220404_177_9.txt
yolo_data_20220404_236_2.png,yolo_data_20220404_236_2.txt
yolo_data_20220404_143_2.png,yolo_data_20220404_143_2.txt
yolo_data_20220404_52_2.png,yolo_data_20220404_52_2.txt
yolo_data_20220404_87_7.png,yolo_data_20220404_87_7.txt
yolo_data_20220404_173_8.png,yolo_data_20220404_173_8.txt
yolo_data_20220404_170_4.png,yolo_data_20220404_170_4.txt
yolo_data_20220404_71_9.png,yolo_data_20220404_71_9.txt
yolo_data_20220404_232_6.png,yolo_data_20220404_232_6.txt
yolo_data_20220404_85_7.png,yolo_data_20220404_85_7.txt
yolo_data_20220404_21_5.png,yolo_data_20220404_21_5.txt
yolo_data_20220404_166_1.png,yolo_data_20220404_166_1.txt
yolo_data_20220404_123_6.png,yolo_data_20220404_123_6.txt
yolo_data_20220404_6_9.png,yolo_data_20220404_6_9.txt
yolo_data_20220404_14_9.png,yolo_data_20220404_14_9.txt
yolo_data_20220404_249_10.png,yolo_data_20220404_249_10.txt
yolo_data_20220404_8_10.png,yolo_data_20220404_8_10.txt
yolo_data_20220404_118_8.png,yolo_data_20220404_118_8.txt
yolo_data_20220404_207_2.png,yolo_data_20220404_207_2.txt
yolo_data_20220404_6_7.png,yolo_data_20220404_6_7.txt
yolo_data_20220404_221_4.png,yolo_data_20220404_221_4.txt
yolo_data_20220404_226_6.png,yolo_data_20220404_226_6.txt
yolo_data_20220404_163_5.png,yolo_data_20220404_163_5.txt
yolo_data_20220404_162_5.png,yolo_data_20220404_162_5.txt
yolo_data_20220404_142_4.png,yolo_data_20220404_142_4.txt
yolo_data_20220404_70_3.png,yolo_data_20220404_70_3.txt
yolo_data_20220404_225_1.png,yolo_data_20220404_225_1.txt
yolo_data_20220404_189_5.png,yolo_data_20220404_189_5.txt
yolo_data_20220404_248_1.png,yolo_data_20220404_248_1.txt
yolo_data_20220404_19_3.png,yolo_data_20220404_19_3.txt
yolo_data_20220404_15_5.png,yolo_data_20220404_15_5.txt
yolo_data_20220404_64_2.png,yolo_data_20220404_64_2.txt
yolo_data_20220404_172_3.png,yolo_data_20220404_172_3.txt
yolo_data_20220404_208_9.png,yolo_data_20220404_208_9.txt
yolo_data_20220404_33_6.png,yolo_data_20220404_33_6.txt
yolo_data_20220404_173_6.png,yolo_data_20220404_173_6.txt
yolo_data_20220404_88_5.png,yolo_data_20220404_88_5.txt
yolo_data_20220404_99_4.png,yolo_data_20220404_99_4.txt
yolo_data_20220404_37_4.png,yolo_data_20220404_37_4.txt
yolo_data_20220404_115_1.png,yolo_data_20220404_115_1.txt
yolo_data_20220404_234_4.png,yolo_data_20220404_234_4.txt
yolo_data_20220404_45_10.png,yolo_data_20220404_45_10.txt
yolo_data_20220404_31_9.png,yolo_data_20220404_31_9.txt
yolo_data_20220404_237_3.png,yolo_data_20220404_237_3.txt
yolo_data_20220404_146_4.png,yolo_data_20220404_146_4.txt
yolo_data_20220404_218_1.png,yolo_data_20220404_218_1.txt
yolo_data_20220404_17_1.png,yolo_data_20220404_17_1.txt
yolo_data_20220404_81_3.png,yolo_data_20220404_81_3.txt
yolo_data_20220404_13_10.png,yolo_data_20220404_13_10.txt
yolo_data_20220404_169_4.png,yolo_data_20220404_169_4.txt
yolo_data_20220404_13_6.png,yolo_data_20220404_13_6.txt
yolo_data_20220404_122_6.png,yolo_data_20220404_122_6.txt
yolo_data_20220404_33_3.png,yolo_data_20220404_33_3.txt
yolo_data_20220404_204_5.png,yolo_data_20220404_204_5.txt
yolo_data_20220404_229_10.png,yolo_data_20220404_229_10.txt
yolo_data_20220404_240_7.png,yolo_data_20220404_240_7.txt
yolo_data_20220404_22_2.png,yolo_data_20220404_22_2.txt
yolo_data_20220404_54_3.png,yolo_data_20220404_54_3.txt
yolo_data_20220404_214_7.png,yolo_data_20220404_214_7.txt
yolo_data_20220404_146_9.png,yolo_data_20220404_146_9.txt
yolo_data_20220404_139_1.png,yolo_data_20220404_139_1.txt
yolo_data_20220404_153_3.png,yolo_data_20220404_153_3.txt
yolo_data_20220404_223_5.png,yolo_data_20220404_223_5.txt
yolo_data_20220404_194_6.png,yolo_data_20220404_194_6.txt
yolo_data_20220404_134_1.png,yolo_data_20220404_134_1.txt
yolo_data_20220404_133_8.png,yolo_data_20220404_133_8.txt
yolo_data_20220404_229_2.png,yolo_data_20220404_229_2.txt
yolo_data_20220404_165_4.png,yolo_data_20220404_165_4.txt
yolo_data_20220404_222_7.png,yolo_data_20220404_222_7.txt
yolo_data_20220404_6_2.png,yolo_data_20220404_6_2.txt
yolo_data_20220404_62_4.png,yolo_data_20220404_62_4.txt
yolo_data_20220404_194_8.png,yolo_data_20220404_194_8.txt
yolo_data_20220404_248_8.png,yolo_data_20220404_248_8.txt
yolo_data_20220404_127_2.png,yolo_data_20220404_127_2.txt
yolo_data_20220404_138_9.png,yolo_data_20220404_138_9.txt
yolo_data_20220404_19_6.png,yolo_data_20220404_19_6.txt
yolo_data_20220404_57_4.png,yolo_data_20220404_57_4.txt
yolo_data_20220404_40_10.png,yolo_data_20220404_40_10.txt
yolo_data_20220404_93_6.png,yolo_data_20220404_93_6.txt
yolo_data_20220404_137_6.png,yolo_data_20220404_137_6.txt
yolo_data_20220404_222_2.png,yolo_data_20220404_222_2.txt
yolo_data_20220404_112_3.png,yolo_data_20220404_112_3.txt
yolo_data_20220404_145_1.png,yolo_data_20220404_145_1.txt
yolo_data_20220404_191_2.png,yolo_data_20220404_191_2.txt
yolo_data_20220404_163_9.png,yolo_data_20220404_163_9.txt
yolo_data_20220404_18_4.png,yolo_data_20220404_18_4.txt
yolo_data_20220404_128_9.png,yolo_data_20220404_128_9.txt
yolo_data_20220404_62_7.png,yolo_data_20220404_62_7.txt
yolo_data_20220404_17_10.png,yolo_data_20220404_17_10.txt
yolo_data_20220404_124_2.png,yolo_data_20220404_124_2.txt
yolo_data_20220404_226_10.png,yolo_data_20220404_226_10.txt
yolo_data_20220404_130_2.png,yolo_data_20220404_130_2.txt
yolo_data_20220404_160_8.png,yolo_data_20220404_160_8.txt
yolo_data_20220404_4_7.png,yolo_data_20220404_4_7.txt
yolo_data_20220404_146_10.png,yolo_data_20220404_146_10.txt
yolo_data_20220404_121_9.png,yolo_data_20220404_121_9.txt
yolo_data_20220404_36_3.png,yolo_data_20220404_36_3.txt
yolo_data_20220404_204_1.png,yolo_data_20220404_204_1.txt
yolo_data_20220404_44_6.png,yolo_data_20220404_44_6.txt
yolo_data_20220404_234_5.png,yolo_data_20220404_234_5.txt
yolo_data_20220404_196_10.png,yolo_data_20220404_196_10.txt
yolo_data_20220404_200_5.png,yolo_data_20220404_200_5.txt
yolo_data_20220404_50_8.png,yolo_data_20220404_50_8.txt
yolo_data_20220404_60_10.png,yolo_data_20220404_60_10.txt
yolo_data_20220404_113_7.png,yolo_data_20220404_113_7.txt
yolo_data_20220404_201_9.png,yolo_data_20220404_201_9.txt
yolo_data_20220404_245_2.png,yolo_data_20220404_245_2.txt
yolo_data_20220404_244_9.png,yolo_data_20220404_244_9.txt
yolo_data_20220404_159_10.png,yolo_data_20220404_159_10.txt
yolo_data_20220404_138_5.png,yolo_data_20220404_138_5.txt
yolo_data_20220404_99_8.png,yolo_data_20220404_99_8.txt
yolo_data_20220404_27_1.png,yolo_data_20220404_27_1.txt
yolo_data_20220404_113_10.png,yolo_data_20220404_113_10.txt
yolo_data_20220404_82_3.png,yolo_data_20220404_82_3.txt
yolo_data_20220404_133_4.png,yolo_data_20220404_133_4.txt
yolo_data_20220404_184_7.png,yolo_data_20220404_184_7.txt
yolo_data_20220404_194_4.png,yolo_data_20220404_194_4.txt
yolo_data_20220404_21_7.png,yolo_data_20220404_21_7.txt
yolo_data_20220404_106_9.png,yolo_data_20220404_106_9.txt
yolo_data_20220404_45_7.png,yolo_data_20220404_45_7.txt
yolo_data_20220404_17_4.png,yolo_data_20220404_17_4.txt
yolo_data_20220404_209_3.png,yolo_data_20220404_209_3.txt
yolo_data_20220404_220_3.png,yolo_data_20220404_220_3.txt
yolo_data_20220404_88_6.png,yolo_data_20220404_88_6.txt
yolo_data_20220404_213_4.png,yolo_data_20220404_213_4.txt
yolo_data_20220404_176_3.png,yolo_data_20220404_176_3.txt
yolo_data_20220404_24_8.png,yolo_data_20220404_24_8.txt
yolo_data_20220404_248_3.png,yolo_data_20220404_248_3.txt
yolo_data_20220404_197_6.png,yolo_data_20220404_197_6.txt
yolo_data_20220404_219_6.png,yolo_data_20220404_219_6.txt
yolo_data_20220404_117_7.png,yolo_data_20220404_117_7.txt
yolo_data_20220404_122_5.png,yolo_data_20220404_122_5.txt
yolo_data_20220404_245_7.png,yolo_data_20220404_245_7.txt
yolo_data_20220404_118_4.png,yolo_data_20220404_118_4.txt
yolo_data_20220404_151_2.png,yolo_data_20220404_151_2.txt
yolo_data_20220404_155_3.png,yolo_data_20220404_155_3.txt
yolo_data_20220404_248_9.png,yolo_data_20220404_248_9.txt
yolo_data_20220404_204_3.png,yolo_data_20220404_204_3.txt
yolo_data_20220404_101_1.png,yolo_data_20220404_101_1.txt
yolo_data_20220404_152_4.png,yolo_data_20220404_152_4.txt
yolo_data_20220404_39_1.png,yolo_data_20220404_39_1.txt
yolo_data_20220404_51_2.png,yolo_data_20220404_51_2.txt
yolo_data_20220404_224_5.png,yolo_data_20220404_224_5.txt
yolo_data_20220404_9_2.png,yolo_data_20220404_9_2.txt
yolo_data_20220404_111_7.png,yolo_data_20220404_111_7.txt
yolo_data_20220404_172_7.png,yolo_data_20220404_172_7.txt
yolo_data_20220404_211_10.png,yolo_data_20220404_211_10.txt
yolo_data_20220404_155_4.png,yolo_data_20220404_155_4.txt
yolo_data_20220404_219_10.png,yolo_data_20220404_219_10.txt
yolo_data_20220404_229_6.png,yolo_data_20220404_229_6.txt
yolo_data_20220404_67_5.png,yolo_data_20220404_67_5.txt
yolo_data_20220404_42_2.png,yolo_data_20220404_42_2.txt
yolo_data_20220404_52_6.png,yolo_data_20220404_52_6.txt
yolo_data_20220404_180_2.png,yolo_data_20220404_180_2.txt
yolo_data_20220404_159_3.png,yolo_data_20220404_159_3.txt
yolo_data_20220404_15_10.png,yolo_data_20220404_15_10.txt
yolo_data_20220404_91_6.png,yolo_data_20220404_91_6.txt
yolo_data_20220404_180_7.png,yolo_data_20220404_180_7.txt
yolo_data_20220404_164_2.png,yolo_data_20220404_164_2.txt
yolo_data_20220404_152_6.png,yolo_data_20220404_152_6.txt
yolo_data_20220404_207_3.png,yolo_data_20220404_207_3.txt
yolo_data_20220404_202_2.png,yolo_data_20220404_202_2.txt
yolo_data_20220404_64_3.png,yolo_data_20220404_64_3.txt
yolo_data_20220404_246_2.png,yolo_data_20220404_246_2.txt
yolo_data_20220404_247_9.png,yolo_data_20220404_247_9.txt
yolo_data_20220404_233_2.png,yolo_data_20220404_233_2.txt
yolo_data_20220404_239_6.png,yolo_data_20220404_239_6.txt
yolo_data_20220404_199_10.png,yolo_data_20220404_199_10.txt
yolo_data_20220404_7_4.png,yolo_data_20220404_7_4.txt
yolo_data_20220404_148_6.png,yolo_data_20220404_148_6.txt
yolo_data_20220404_138_1.png,yolo_data_20220404_138_1.txt
yolo_data_20220404_25_5.png,yolo_data_20220404_25_5.txt
yolo_data_20220404_169_1.png,yolo_data_20220404_169_1.txt
yolo_data_20220404_188_2.png,yolo_data_20220404_188_2.txt
yolo_data_20220404_85_3.png,yolo_data_20220404_85_3.txt
yolo_data_20220404_104_9.png,yolo_data_20220404_104_9.txt
yolo_data_20220404_151_1.png,yolo_data_20220404_151_1.txt
yolo_data_20220404_136_3.png,yolo_data_20220404_136_3.txt
yolo_data_20220404_8_9.png,yolo_data_20220404_8_9.txt
yolo_data_20220404_12_5.png,yolo_data_20220404_12_5.txt
yolo_data_20220404_88_4.png,yolo_data_20220404_88_4.txt
yolo_data_20220404_102_2.png,yolo_data_20220404_102_2.txt
yolo_data_20220404_90_1.png,yolo_data_20220404_90_1.txt
yolo_data_20220404_23_4.png,yolo_data_20220404_23_4.txt
yolo_data_20220404_85_8.png,yolo_data_20220404_85_8.txt
yolo_data_20220404_33_7.png,yolo_data_20220404_33_7.txt
yolo_data_20220404_124_8.png,yolo_data_20220404_124_8.txt
yolo_data_20220404_247_3.png,yolo_data_20220404_247_3.txt
yolo_data_20220404_160_7.png,yolo_data_20220404_160_7.txt
yolo_data_20220404_73_2.png,yolo_data_20220404_73_2.txt
yolo_data_20220404_90_7.png,yolo_data_20220404_90_7.txt
yolo_data_20220404_176_5.png,yolo_data_20220404_176_5.txt
yolo_data_20220404_84_1.png,yolo_data_20220404_84_1.txt
yolo_data_20220404_214_2.png,yolo_data_20220404_214_2.txt
yolo_data_20220404_54_7.png,yolo_data_20220404_54_7.txt
yolo_data_20220404_214_4.png,yolo_data_20220404_214_4.txt
yolo_data_20220404_209_6.png,yolo_data_20220404_209_6.txt
yolo_data_20220404_187_8.png,yolo_data_20220404_187_8.txt
yolo_data_20220404_8_7.png,yolo_data_20220404_8_7.txt
yolo_data_20220404_95_1.png,yolo_data_20220404_95_1.txt
yolo_data_20220404_190_5.png,yolo_data_20220404_190_5.txt
yolo_data_20220404_118_7.png,yolo_data_20220404_118_7.txt
yolo_data_20220404_103_10.png,yolo_data_20220404_103_10.txt
yolo_data_20220404_167_4.png,yolo_data_20220404_167_4.txt
yolo_data_20220404_96_5.png,yolo_data_20220404_96_5.txt
yolo_data_20220404_76_10.png,yolo_data_20220404_76_10.txt
yolo_data_20220404_188_4.png,yolo_data_20220404_188_4.txt
yolo_data_20220404_231_4.png,yolo_data_20220404_231_4.txt
yolo_data_20220404_243_3.png,yolo_data_20220404_243_3.txt
yolo_data_20220404_184_2.png,yolo_data_20220404_184_2.txt
yolo_data_20220404_44_3.png,yolo_data_20220404_44_3.txt
yolo_data_20220404_191_10.png,yolo_data_20220404_191_10.txt
yolo_data_20220404_153_6.png,yolo_data_20220404_153_6.txt
yolo_data_20220404_105_3.png,yolo_data_20220404_105_3.txt
yolo_data_20220404_228_4.png,yolo_data_20220404_228_4.txt
yolo_data_20220404_86_6.png,yolo_data_20220404_86_6.txt
yolo_data_20220404_98_8.png,yolo_data_20220404_98_8.txt
yolo_data_20220404_142_7.png,yolo_data_20220404_142_7.txt
yolo_data_20220404_229_1.png,yolo_data_20220404_229_1.txt
yolo_data_20220404_224_1.png,yolo_data_20220404_224_1.txt
yolo_data_20220404_38_9.png,yolo_data_20220404_38_9.txt
yolo_data_20220404_219_7.png,yolo_data_20220404_219_7.txt
yolo_data_20220404_10_6.png,yolo_data_20220404_10_6.txt
yolo_data_20220404_103_1.png,yolo_data_20220404_103_1.txt
yolo_data_20220404_169_5.png,yolo_data_20220404_169_5.txt
yolo_data_20220404_26_3.png,yolo_data_20220404_26_3.txt
yolo_data_20220404_35_5.png,yolo_data_20220404_35_5.txt
yolo_data_20220404_53_7.png,yolo_data_20220404_53_7.txt
yolo_data_20220404_112_5.png,yolo_data_20220404_112_5.txt
yolo_data_20220404_170_6.png,yolo_data_20220404_170_6.txt
yolo_data_20220404_160_9.png,yolo_data_20220404_160_9.txt
yolo_data_20220404_26_10.png,yolo_data_20220404_26_10.txt
yolo_data_20220404_157_10.png,yolo_data_20220404_157_10.txt
yolo_data_20220404_21_8.png,yolo_data_20220404_21_8.txt
yolo_data_20220404_183_6.png,yolo_data_20220404_183_6.txt
yolo_data_20220404_106_5.png,yolo_data_20220404_106_5.txt
yolo_data_20220404_45_4.png,yolo_data_20220404_45_4.txt
yolo_data_20220404_37_3.png,yolo_data_20220404_37_3.txt
yolo_data_20220404_85_9.png,yolo_data_20220404_85_9.txt
yolo_data_20220404_129_2.png,yolo_data_20220404_129_2.txt
yolo_data_20220404_170_5.png,yolo_data_20220404_170_5.txt
yolo_data_20220404_89_2.png,yolo_data_20220404_89_2.txt
yolo_data_20220404_29_3.png,yolo_data_20220404_29_3.txt
yolo_data_20220404_198_5.png,yolo_data_20220404_198_5.txt
yolo_data_20220404_26_9.png,yolo_data_20220404_26_9.txt
yolo_data_20220404_197_2.png,yolo_data_20220404_197_2.txt
yolo_data_20220404_88_10.png,yolo_data_20220404_88_10.txt
yolo_data_20220404_185_7.png,yolo_data_20220404_185_7.txt
yolo_data_20220404_16_1.png,yolo_data_20220404_16_1.txt
yolo_data_20220404_46_2.png,yolo_data_20220404_46_2.txt
yolo_data_20220404_140_5.png,yolo_data_20220404_140_5.txt
yolo_data_20220404_101_7.png,yolo_data_20220404_101_7.txt
yolo_data_20220404_210_5.png,yolo_data_20220404_210_5.txt
yolo_data_20220404_127_3.png,yolo_data_20220404_127_3.txt
yolo_data_20220404_121_7.png,yolo_data_20220404_121_7.txt
yolo_data_20220404_195_3.png,yolo_data_20220404_195_3.txt
yolo_data_20220404_143_1.png,yolo_data_20220404_143_1.txt
yolo_data_20220404_224_7.png,yolo_data_20220404_224_7.txt
yolo_data_20220404_234_2.png,yolo_data_20220404_234_2.txt
yolo_data_20220404_16_3.png,yolo_data_20220404_16_3.txt
yolo_data_20220404_182_9.png,yolo_data_20220404_182_9.txt
yolo_data_20220404_20_4.png,yolo_data_20220404_20_4.txt
yolo_data_20220404_59_9.png,yolo_data_20220404_59_9.txt
yolo_data_20220404_105_1.png,yolo_data_20220404_105_1.txt
yolo_data_20220404_132_10.png,yolo_data_20220404_132_10.txt
yolo_data_20220404_203_1.png,yolo_data_20220404_203_1.txt
yolo_data_20220404_95_10.png,yolo_data_20220404_95_10.txt
yolo_data_20220404_186_5.png,yolo_data_20220404_186_5.txt
yolo_data_20220404_13_9.png,yolo_data_20220404_13_9.txt
yolo_data_20220404_1_7.png,yolo_data_20220404_1_7.txt
yolo_data_20220404_67_1.png,yolo_data_20220404_67_1.txt
yolo_data_20220404_15_8.png,yolo_data_20220404_15_8.txt
yolo_data_20220404_77_7.png,yolo_data_20220404_77_7.txt
yolo_data_20220404_192_7.png,yolo_data_20220404_192_7.txt
yolo_data_20220404_141_4.png,yolo_data_20220404_141_4.txt
yolo_data_20220404_124_7.png,yolo_data_20220404_124_7.txt
yolo_data_20220404_15_9.png,yolo_data_20220404_15_9.txt
yolo_data_20220404_61_1.png,yolo_data_20220404_61_1.txt
yolo_data_20220404_19_9.png,yolo_data_20220404_19_9.txt
yolo_data_20220404_221_8.png,yolo_data_20220404_221_8.txt
yolo_data_20220404_246_7.png,yolo_data_20220404_246_7.txt
yolo_data_20220404_160_2.png,yolo_data_20220404_160_2.txt
yolo_data_20220404_142_6.png,yolo_data_20220404_142_6.txt
yolo_data_20220404_146_7.png,yolo_data_20220404_146_7.txt
yolo_data_20220404_85_4.png,yolo_data_20220404_85_4.txt
yolo_data_20220404_189_4.png,yolo_data_20220404_189_4.txt
yolo_data_20220404_47_7.png,yolo_data_20220404_47_7.txt
yolo_data_20220404_210_4.png,yolo_data_20220404_210_4.txt
yolo_data_20220404_214_1.png,yolo_data_20220404_214_1.txt
yolo_data_20220404_72_5.png,yolo_data_20220404_72_5.txt
yolo_data_20220404_158_10.png,yolo_data_20220404_158_10.txt
yolo_data_20220404_126_8.png,yolo_data_20220404_126_8.txt
yolo_data_20220404_149_4.png,yolo_data_20220404_149_4.txt
yolo_data_20220404_128_4.png,yolo_data_20220404_128_4.txt
yolo_data_20220404_72_8.png,yolo_data_20220404_72_8.txt
yolo_data_20220404_73_10.png,yolo_data_20220404_73_10.txt
yolo_data_20220404_182_6.png,yolo_data_20220404_182_6.txt
yolo_data_20220404_179_6.png,yolo_data_20220404_179_6.txt
yolo_data_20220404_14_10.png,yolo_data_20220404_14_10.txt
yolo_data_20220404_150_8.png,yolo_data_20220404_150_8.txt
yolo_data_20220404_245_10.png,yolo_data_20220404_245_10.txt
yolo_data_20220404_104_1.png,yolo_data_20220404_104_1.txt
yolo_data_20220404_249_3.png,yolo_data_20220404_249_3.txt
yolo_data_20220404_191_4.png,yolo_data_20220404_191_4.txt
yolo_data_20220404_25_2.png,yolo_data_20220404_25_2.txt
yolo_data_20220404_250_2.png,yolo_data_20220404_250_2.txt
yolo_data_20220404_50_2.png,yolo_data_20220404_50_2.txt
yolo_data_20220404_13_2.png,yolo_data_20220404_13_2.txt
yolo_data_20220404_136_7.png,yolo_data_20220404_136_7.txt
yolo_data_20220404_92_6.png,yolo_data_20220404_92_6.txt
yolo_data_20220404_56_2.png,yolo_data_20220404_56_2.txt
yolo_data_20220404_173_9.png,yolo_data_20220404_173_9.txt
yolo_data_20220404_49_10.png,yolo_data_20220404_49_10.txt
yolo_data_20220404_65_1.png,yolo_data_20220404_65_1.txt
yolo_data_20220404_230_8.png,yolo_data_20220404_230_8.txt
yolo_data_20220404_102_5.png,yolo_data_20220404_102_5.txt
yolo_data_20220404_91_3.png,yolo_data_20220404_91_3.txt
yolo_data_20220404_99_9.png,yolo_data_20220404_99_9.txt
yolo_data_20220404_125_3.png,yolo_data_20220404_125_3.txt
yolo_data_20220404_60_5.png,yolo_data_20220404_60_5.txt
yolo_data_20220404_74_1.png,yolo_data_20220404_74_1.txt
yolo_data_20220404_246_4.png,yolo_data_20220404_246_4.txt
yolo_data_20220404_238_5.png,yolo_data_20220404_238_5.txt
yolo_data_20220404_95_7.png,yolo_data_20220404_95_7.txt
yolo_data_20220404_60_2.png,yolo_data_20220404_60_2.txt
yolo_data_20220404_165_5.png,yolo_data_20220404_165_5.txt
yolo_data_20220404_129_9.png,yolo_data_20220404_129_9.txt
yolo_data_20220404_41_10.png,yolo_data_20220404_41_10.txt
yolo_data_20220404_90_10.png,yolo_data_20220404_90_10.txt
yolo_data_20220404_137_10.png,yolo_data_20220404_137_10.txt
yolo_data_20220404_105_10.png,yolo_data_20220404_105_10.txt
yolo_data_20220404_120_2.png,yolo_data_20220404_120_2.txt
yolo_data_20220404_201_2.png,yolo_data_20220404_201_2.txt
yolo_data_20220404_38_10.png,yolo_data_20220404_38_10.txt
yolo_data_20220404_160_6.png,yolo_data_20220404_160_6.txt
yolo_data_20220404_121_6.png,yolo_data_20220404_121_6.txt
yolo_data_20220404_146_8.png,yolo_data_20220404_146_8.txt
yolo_data_20220404_213_3.png,yolo_data_20220404_213_3.txt
yolo_data_20220404_230_4.png,yolo_data_20220404_230_4.txt
yolo_data_20220404_96_1.png,yolo_data_20220404_96_1.txt
yolo_data_20220404_190_2.png,yolo_data_20220404_190_2.txt
yolo_data_20220404_151_10.png,yolo_data_20220404_151_10.txt
yolo_data_20220404_100_9.png,yolo_data_20220404_100_9.txt
yolo_data_20220404_209_1.png,yolo_data_20220404_209_1.txt
yolo_data_20220404_15_6.png,yolo_data_20220404_15_6.txt
yolo_data_20220404_153_2.png,yolo_data_20220404_153_2.txt
yolo_data_20220404_250_5.png,yolo_data_20220404_250_5.txt
yolo_data_20220404_131_1.png,yolo_data_20220404_131_1.txt
yolo_data_20220404_197_3.png,yolo_data_20220404_197_3.txt
yolo_data_20220404_216_5.png,yolo_data_20220404_216_5.txt
yolo_data_20220404_219_9.png,yolo_data_20220404_219_9.txt
yolo_data_20220404_100_8.png,yolo_data_20220404_100_8.txt
yolo_data_20220404_167_8.png,yolo_data_20220404_167_8.txt
yolo_data_20220404_246_5.png,yolo_data_20220404_246_5.txt
yolo_data_20220404_247_7.png,yolo_data_20220404_247_7.txt
yolo_data_20220404_152_8.png,yolo_data_20220404_152_8.txt
yolo_data_20220404_218_3.png,yolo_data_20220404_218_3.txt
yolo_data_20220404_54_10.png,yolo_data_20220404_54_10.txt
yolo_data_20220404_30_9.png,yolo_data_20220404_30_9.txt
yolo_data_20220404_224_6.png,yolo_data_20220404_224_6.txt
yolo_data_20220404_136_8.png,yolo_data_20220404_136_8.txt
yolo_data_20220404_86_3.png,yolo_data_20220404_86_3.txt
yolo_data_20220404_231_9.png,yolo_data_20220404_231_9.txt
yolo_data_20220404_146_1.png,yolo_data_20220404_146_1.txt
yolo_data_20220404_137_2.png,yolo_data_20220404_137_2.txt
yolo_data_20220404_189_7.png,yolo_data_20220404_189_7.txt
yolo_data_20220404_40_9.png,yolo_data_20220404_40_9.txt
yolo_data_20220404_174_9.png,yolo_data_20220404_174_9.txt
yolo_data_20220404_47_4.png,yolo_data_20220404_47_4.txt
yolo_data_20220404_115_4.png,yolo_data_20220404_115_4.txt
yolo_data_20220404_142_8.png,yolo_data_20220404_142_8.txt
yolo_data_20220404_83_10.png,yolo_data_20220404_83_10.txt
yolo_data_20220404_105_6.png,yolo_data_20220404_105_6.txt
yolo_data_20220404_212_3.png,yolo_data_20220404_212_3.txt
yolo_data_20220404_21_1.png,yolo_data_20220404_21_1.txt
yolo_data_20220404_83_9.png,yolo_data_20220404_83_9.txt
yolo_data_20220404_217_9.png,yolo_data_20220404_217_9.txt
yolo_data_20220404_34_6.png,yolo_data_20220404_34_6.txt
yolo_data_20220404_24_7.png,yolo_data_20220404_24_7.txt
yolo_data_20220404_1_3.png,yolo_data_20220404_1_3.txt
yolo_data_20220404_149_5.png,yolo_data_20220404_149_5.txt
yolo_data_20220404_143_7.png,yolo_data_20220404_143_7.txt
yolo_data_20220404_236_7.png,yolo_data_20220404_236_7.txt
yolo_data_20220404_241_7.png,yolo_data_20220404_241_7.txt
yolo_data_20220404_166_6.png,yolo_data_20220404_166_6.txt
yolo_data_20220404_107_7.png,yolo_data_20220404_107_7.txt
yolo_data_20220404_57_6.png,yolo_data_20220404_57_6.txt
yolo_data_20220404_226_8.png,yolo_data_20220404_226_8.txt
yolo_data_20220404_250_1.png,yolo_data_20220404_250_1.txt
yolo_data_20220404_222_6.png,yolo_data_20220404_222_6.txt
yolo_data_20220404_34_1.png,yolo_data_20220404_34_1.txt
yolo_data_20220404_79_2.png,yolo_data_20220404_79_2.txt
yolo_data_20220404_247_4.png,yolo_data_20220404_247_4.txt
yolo_data_20220404_223_6.png,yolo_data_20220404_223_6.txt
yolo_data_20220404_212_7.png,yolo_data_20220404_212_7.txt
yolo_data_20220404_149_9.png,yolo_data_20220404_149_9.txt
yolo_data_20220404_172_4.png,yolo_data_20220404_172_4.txt
yolo_data_20220404_107_3.png,yolo_data_20220404_107_3.txt
yolo_data_20220404_97_3.png,yolo_data_20220404_97_3.txt
yolo_data_20220404_233_7.png,yolo_data_20220404_233_7.txt
yolo_data_20220404_86_1.png,yolo_data_20220404_86_1.txt
yolo_data_20220404_90_6.png,yolo_data_20220404_90_6.txt
yolo_data_20220404_74_2.png,yolo_data_20220404_74_2.txt
yolo_data_20220404_51_4.png,yolo_data_20220404_51_4.txt
yolo_data_20220404_139_10.png,yolo_data_20220404_139_10.txt
yolo_data_20220404_35_1.png,yolo_data_20220404_35_1.txt
yolo_data_20220404_206_2.png,yolo_data_20220404_206_2.txt
yolo_data_20220404_147_2.png,yolo_data_20220404_147_2.txt
yolo_data_20220404_149_3.png,yolo_data_20220404_149_3.txt
yolo_data_20220404_24_5.png,yolo_data_20220404_24_5.txt
yolo_data_20220404_240_6.png,yolo_data_20220404_240_6.txt
yolo_data_20220404_125_5.png,yolo_data_20220404_125_5.txt
yolo_data_20220404_143_4.png,yolo_data_20220404_143_4.txt
yolo_data_20220404_68_10.png,yolo_data_20220404_68_10.txt
yolo_data_20220404_12_4.png,yolo_data_20220404_12_4.txt
yolo_data_20220404_20_10.png,yolo_data_20220404_20_10.txt
yolo_data_20220404_66_8.png,yolo_data_20220404_66_8.txt
yolo_data_20220404_139_4.png,yolo_data_20220404_139_4.txt
yolo_data_20220404_78_8.png,yolo_data_20220404_78_8.txt
yolo_data_20220404_222_4.png,yolo_data_20220404_222_4.txt
yolo_data_20220404_76_6.png,yolo_data_20220404_76_6.txt
yolo_data_20220404_164_3.png,yolo_data_20220404_164_3.txt
yolo_data_20220404_46_8.png,yolo_data_20220404_46_8.txt
yolo_data_20220404_142_9.png,yolo_data_20220404_142_9.txt
yolo_data_20220404_93_3.png,yolo_data_20220404_93_3.txt
yolo_data_20220404_121_10.png,yolo_data_20220404_121_10.txt
yolo_data_20220404_56_9.png,yolo_data_20220404_56_9.txt
yolo_data_20220404_227_3.png,yolo_data_20220404_227_3.txt
yolo_data_20220404_46_6.png,yolo_data_20220404_46_6.txt
yolo_data_20220404_54_8.png,yolo_data_20220404_54_8.txt
yolo_data_20220404_248_2.png,yolo_data_20220404_248_2.txt
yolo_data_20220404_38_4.png,yolo_data_20220404_38_4.txt
yolo_data_20220404_147_4.png,yolo_data_20220404_147_4.txt
yolo_data_20220404_82_5.png,yolo_data_20220404_82_5.txt
yolo_data_20220404_167_3.png,yolo_data_20220404_167_3.txt
yolo_data_20220404_156_8.png,yolo_data_20220404_156_8.txt
yolo_data_20220404_207_10.png,yolo_data_20220404_207_10.txt
yolo_data_20220404_210_2.png,yolo_data_20220404_210_2.txt
yolo_data_20220404_44_1.png,yolo_data_20220404_44_1.txt
yolo_data_20220404_68_1.png,yolo_data_20220404_68_1.txt
yolo_data_20220404_82_9.png,yolo_data_20220404_82_9.txt
yolo_data_20220404_176_4.png,yolo_data_20220404_176_4.txt
yolo_data_20220404_164_1.png,yolo_data_20220404_164_1.txt
yolo_data_20220404_216_2.png,yolo_data_20220404_216_2.txt
yolo_data_20220404_122_7.png,yolo_data_20220404_122_7.txt
yolo_data_20220404_141_6.png,yolo_data_20220404_141_6.txt
yolo_data_20220404_165_1.png,yolo_data_20220404_165_1.txt
yolo_data_20220404_120_7.png,yolo_data_20220404_120_7.txt
yolo_data_20220404_102_8.png,yolo_data_20220404_102_8.txt
yolo_data_20220404_143_10.png,yolo_data_20220404_143_10.txt
yolo_data_20220404_95_5.png,yolo_data_20220404_95_5.txt
yolo_data_20220404_193_10.png,yolo_data_20220404_193_10.txt
yolo_data_20220404_80_10.png,yolo_data_20220404_80_10.txt
yolo_data_20220404_232_8.png,yolo_data_20220404_232_8.txt
yolo_data_20220404_232_2.png,yolo_data_20220404_232_2.txt
yolo_data_20220404_24_3.png,yolo_data_20220404_24_3.txt
yolo_data_20220404_76_3.png,yolo_data_20220404_76_3.txt
yolo_data_20220404_173_2.png,yolo_data_20220404_173_2.txt
yolo_data_20220404_232_9.png,yolo_data_20220404_232_9.txt
yolo_data_20220404_16_4.png,yolo_data_20220404_16_4.txt
yolo_data_20220404_125_6.png,yolo_data_20220404_125_6.txt
yolo_data_20220404_62_10.png,yolo_data_20220404_62_10.txt
yolo_data_20220404_143_5.png,yolo_data_20220404_143_5.txt
yolo_data_20220404_77_8.png,yolo_data_20220404_77_8.txt
yolo_data_20220404_12_10.png,yolo_data_20220404_12_10.txt
yolo_data_20220404_54_2.png,yolo_data_20220404_54_2.txt
yolo_data_20220404_162_1.png,yolo_data_20220404_162_1.txt
yolo_data_20220404_3_2.png,yolo_data_20220404_3_2.txt
yolo_data_20220404_45_9.png,yolo_data_20220404_45_9.txt
yolo_data_20220404_53_1.png,yolo_data_20220404_53_1.txt
yolo_data_20220404_74_7.png,yolo_data_20220404_74_7.txt
yolo_data_20220404_134_3.png,yolo_data_20220404_134_3.txt
yolo_data_20220404_158_3.png,yolo_data_20220404_158_3.txt
yolo_data_20220404_81_4.png,yolo_data_20220404_81_4.txt
yolo_data_20220404_27_3.png,yolo_data_20220404_27_3.txt
yolo_data_20220404_65_7.png,yolo_data_20220404_65_7.txt
yolo_data_20220404_104_3.png,yolo_data_20220404_104_3.txt
yolo_data_20220404_91_1.png,yolo_data_20220404_91_1.txt
yolo_data_20220404_118_3.png,yolo_data_20220404_118_3.txt
yolo_data_20220404_11_3.png,yolo_data_20220404_11_3.txt
yolo_data_20220404_131_5.png,yolo_data_20220404_131_5.txt
yolo_data_20220404_165_8.png,yolo_data_20220404_165_8.txt
yolo_data_20220404_224_2.png,yolo_data_20220404_224_2.txt
yolo_data_20220404_106_10.png,yolo_data_20220404_106_10.txt
yolo_data_20220404_179_9.png,yolo_data_20220404_179_9.txt
yolo_data_20220404_116_6.png,yolo_data_20220404_116_6.txt
yolo_data_20220404_43_2.png,yolo_data_20220404_43_2.txt
yolo_data_20220404_127_10.png,yolo_data_20220404_127_10.txt
yolo_data_20220404_100_1.png,yolo_data_20220404_100_1.txt
yolo_data_20220404_34_3.png,yolo_data_20220404_34_3.txt
yolo_data_20220404_36_8.png,yolo_data_20220404_36_8.txt
yolo_data_20220404_139_8.png,yolo_data_20220404_139_8.txt
yolo_data_20220404_123_1.png,yolo_data_20220404_123_1.txt
yolo_data_20220404_241_5.png,yolo_data_20220404_241_5.txt
yolo_data_20220404_135_2.png,yolo_data_20220404_135_2.txt
yolo_data_20220404_167_10.png,yolo_data_20220404_167_10.txt
yolo_data_20220404_182_2.png,yolo_data_20220404_182_2.txt
yolo_data_20220404_193_8.png,yolo_data_20220404_193_8.txt
yolo_data_20220404_63_3.png,yolo_data_20220404_63_3.txt
yolo_data_20220404_83_3.png,yolo_data_20220404_83_3.txt
yolo_data_20220404_241_6.png,yolo_data_20220404_241_6.txt
yolo_data_20220404_133_10.png,yolo_data_20220404_133_10.txt
yolo_data_20220404_221_1.png,yolo_data_20220404_221_1.txt
yolo_data_20220404_90_3.png,yolo_data_20220404_90_3.txt
yolo_data_20220404_230_3.png,yolo_data_20220404_230_3.txt
yolo_data_20220404_88_2.png,yolo_data_20220404_88_2.txt
yolo_data_20220404_13_1.png,yolo_data_20220404_13_1.txt
yolo_data_20220404_42_1.png,yolo_data_20220404_42_1.txt
yolo_data_20220404_162_6.png,yolo_data_20220404_162_6.txt
yolo_data_20220404_29_10.png,yolo_data_20220404_29_10.txt
yolo_data_20220404_194_2.png,yolo_data_20220404_194_2.txt
yolo_data_20220404_209_5.png,yolo_data_20220404_209_5.txt
yolo_data_20220404_35_2.png,yolo_data_20220404_35_2.txt
yolo_data_20220404_177_3.png,yolo_data_20220404_177_3.txt
yolo_data_20220404_19_1.png,yolo_data_20220404_19_1.txt
yolo_data_20220404_83_8.png,yolo_data_20220404_83_8.txt
yolo_data_20220404_43_3.png,yolo_data_20220404_43_3.txt
yolo_data_20220404_50_3.png,yolo_data_20220404_50_3.txt
yolo_data_20220404_225_9.png,yolo_data_20220404_225_9.txt
yolo_data_20220404_95_4.png,yolo_data_20220404_95_4.txt
yolo_data_20220404_152_1.png,yolo_data_20220404_152_1.txt
yolo_data_20220404_8_6.png,yolo_data_20220404_8_6.txt
yolo_data_20220404_29_4.png,yolo_data_20220404_29_4.txt
yolo_data_20220404_170_7.png,yolo_data_20220404_170_7.txt
yolo_data_20220404_100_6.png,yolo_data_20220404_100_6.txt
yolo_data_20220404_66_6.png,yolo_data_20220404_66_6.txt
yolo_data_20220404_57_10.png,yolo_data_20220404_57_10.txt
yolo_data_20220404_6_10.png,yolo_data_20220404_6_10.txt
yolo_data_20220404_204_7.png,yolo_data_20220404_204_7.txt
yolo_data_20220404_118_6.png,yolo_data_20220404_118_6.txt
yolo_data_20220404_181_2.png,yolo_data_20220404_181_2.txt
yolo_data_20220404_128_8.png,yolo_data_20220404_128_8.txt
yolo_data_20220404_76_5.png,yolo_data_20220404_76_5.txt
yolo_data_20220404_175_9.png,yolo_data_20220404_175_9.txt
yolo_data_20220404_153_4.png,yolo_data_20220404_153_4.txt
yolo_data_20220404_11_2.png,yolo_data_20220404_11_2.txt
yolo_data_20220404_5_4.png,yolo_data_20220404_5_4.txt
yolo_data_20220404_120_6.png,yolo_data_20220404_120_6.txt
yolo_data_20220404_156_3.png,yolo_data_20220404_156_3.txt
yolo_data_20220404_23_10.png,yolo_data_20220404_23_10.txt
yolo_data_20220404_111_10.png,yolo_data_20220404_111_10.txt
yolo_data_20220404_68_5.png,yolo_data_20220404_68_5.txt
yolo_data_20220404_147_6.png,yolo_data_20220404_147_6.txt
yolo_data_20220404_169_3.png,yolo_data_20220404_169_3.txt
yolo_data_20220404_57_2.png,yolo_data_20220404_57_2.txt
yolo_data_20220404_11_1.png,yolo_data_20220404_11_1.txt
yolo_data_20220404_118_10.png,yolo_data_20220404_118_10.txt
yolo_data_20220404_57_9.png,yolo_data_20220404_57_9.txt
yolo_data_20220404_226_4.png,yolo_data_20220404_226_4.txt
yolo_data_20220404_17_5.png,yolo_data_20220404_17_5.txt
yolo_data_20220404_37_1.png,yolo_data_20220404_37_1.txt
yolo_data_20220404_29_2.png,yolo_data_20220404_29_2.txt
yolo_data_20220404_235_7.png,yolo_data_20220404_235_7.txt
yolo_data_20220404_31_2.png,yolo_data_20220404_31_2.txt
yolo_data_20220404_69_7.png,yolo_data_20220404_69_7.txt
yolo_data_20220404_221_7.png,yolo_data_20220404_221_7.txt
yolo_data_20220404_150_9.png,yolo_data_20220404_150_9.txt
yolo_data_20220404_97_2.png,yolo_data_20220404_97_2.txt
yolo_data_20220404_138_6.png,yolo_data_20220404_138_6.txt
yolo_data_20220404_96_3.png,yolo_data_20220404_96_3.txt
yolo_data_20220404_101_6.png,yolo_data_20220404_101_6.txt
yolo_data_20220404_215_2.png,yolo_data_20220404_215_2.txt
yolo_data_20220404_23_7.png,yolo_data_20220404_23_7.txt
yolo_data_20220404_111_6.png,yolo_data_20220404_111_6.txt
yolo_data_20220404_104_8.png,yolo_data_20220404_104_8.txt
yolo_data_20220404_60_9.png,yolo_data_20220404_60_9.txt
yolo_data_20220404_97_7.png,yolo_data_20220404_97_7.txt
yolo_data_20220404_144_4.png,yolo_data_20220404_144_4.txt
yolo_data_20220404_94_7.png,yolo_data_20220404_94_7.txt
yolo_data_20220404_199_6.png,yolo_data_20220404_199_6.txt
yolo_data_20220404_202_7.png,yolo_data_20220404_202_7.txt
yolo_data_20220404_147_1.png,yolo_data_20220404_147_1.txt
yolo_data_20220404_75_1.png,yolo_data_20220404_75_1.txt
yolo_data_20220404_87_5.png,yolo_data_20220404_87_5.txt
yolo_data_20220404_98_5.png,yolo_data_20220404_98_5.txt
yolo_data_20220404_32_3.png,yolo_data_20220404_32_3.txt
yolo_data_20220404_188_8.png,yolo_data_20220404_188_8.txt
yolo_data_20220404_122_3.png,yolo_data_20220404_122_3.txt
yolo_data_20220404_39_8.png,yolo_data_20220404_39_8.txt
yolo_data_20220404_92_8.png,yolo_data_20220404_92_8.txt
yolo_data_20220404_235_10.png,yolo_data_20220404_235_10.txt
yolo_data_20220404_242_9.png,yolo_data_20220404_242_9.txt
yolo_data_20220404_234_8.png,yolo_data_20220404_234_8.txt
yolo_data_20220404_154_10.png,yolo_data_20220404_154_10.txt
yolo_data_20220404_78_3.png,yolo_data_20220404_78_3.txt
yolo_data_20220404_17_3.png,yolo_data_20220404_17_3.txt
yolo_data_20220404_142_3.png,yolo_data_20220404_142_3.txt
yolo_data_20220404_189_2.png,yolo_data_20220404_189_2.txt
yolo_data_20220404_245_5.png,yolo_data_20220404_245_5.txt
yolo_data_20220404_21_9.png,yolo_data_20220404_21_9.txt
yolo_data_20220404_141_9.png,yolo_data_20220404_141_9.txt
yolo_data_20220404_247_8.png,yolo_data_20220404_247_8.txt
yolo_data_20220404_61_7.png,yolo_data_20220404_61_7.txt
yolo_data_20220404_89_10.png,yolo_data_20220404_89_10.txt
yolo_data_20220404_135_8.png,yolo_data_20220404_135_8.txt
yolo_data_20220404_119_8.png,yolo_data_20220404_119_8.txt
yolo_data_20220404_182_1.png,yolo_data_20220404_182_1.txt
yolo_data_20220404_96_9.png,yolo_data_20220404_96_9.txt
yolo_data_20220404_244_4.png,yolo_data_20220404_244_4.txt
yolo_data_20220404_81_5.png,yolo_data_20220404_81_5.txt
yolo_data_20220404_203_4.png,yolo_data_20220404_203_4.txt
yolo_data_20220404_97_6.png,yolo_data_20220404_97_6.txt
yolo_data_20220404_190_4.png,yolo_data_20220404_190_4.txt
yolo_data_20220404_176_9.png,yolo_data_20220404_176_9.txt
yolo_data_20220404_36_9.png,yolo_data_20220404_36_9.txt
yolo_data_20220404_49_7.png,yolo_data_20220404_49_7.txt
yolo_data_20220404_38_6.png,yolo_data_20220404_38_6.txt
yolo_data_20220404_145_3.png,yolo_data_20220404_145_3.txt
yolo_data_20220404_33_2.png,yolo_data_20220404_33_2.txt
yolo_data_20220404_107_1.png,yolo_data_20220404_107_1.txt
yolo_data_20220404_127_4.png,yolo_data_20220404_127_4.txt
yolo_data_20220404_144_8.png,yolo_data_20220404_144_8.txt
yolo_data_20220404_133_1.png,yolo_data_20220404_133_1.txt
yolo_data_20220404_115_9.png,yolo_data_20220404_115_9.txt
yolo_data_20220404_22_6.png,yolo_data_20220404_22_6.txt
yolo_data_20220404_109_3.png,yolo_data_20220404_109_3.txt
yolo_data_20220404_203_5.png,yolo_data_20220404_203_5.txt
yolo_data_20220404_122_1.png,yolo_data_20220404_122_1.txt
yolo_data_20220404_44_9.png,yolo_data_20220404_44_9.txt
yolo_data_20220404_205_8.png,yolo_data_20220404_205_8.txt
yolo_data_20220404_219_5.png,yolo_data_20220404_219_5.txt
yolo_data_20220404_32_2.png,yolo_data_20220404_32_2.txt
yolo_data_20220404_103_3.png,yolo_data_20220404_103_3.txt
yolo_data_20220404_202_9.png,yolo_data_20220404_202_9.txt
yolo_data_20220404_109_6.png,yolo_data_20220404_109_6.txt
yolo_data_20220404_243_8.png,yolo_data_20220404_243_8.txt
yolo_data_20220404_77_4.png,yolo_data_20220404_77_4.txt
yolo_data_20220404_107_5.png,yolo_data_20220404_107_5.txt
yolo_data_20220404_117_5.png,yolo_data_20220404_117_5.txt
yolo_data_20220404_69_5.png,yolo_data_20220404_69_5.txt
yolo_data_20220404_112_4.png,yolo_data_20220404_112_4.txt
yolo_data_20220404_141_8.png,yolo_data_20220404_141_8.txt
yolo_data_20220404_158_8.png,yolo_data_20220404_158_8.txt
yolo_data_20220404_3_10.png,yolo_data_20220404_3_10.txt
yolo_data_20220404_117_8.png,yolo_data_20220404_117_8.txt
yolo_data_20220404_76_1.png,yolo_data_20220404_76_1.txt
yolo_data_20220404_48_2.png,yolo_data_20220404_48_2.txt
yolo_data_20220404_240_2.png,yolo_data_20220404_240_2.txt
yolo_data_20220404_235_6.png,yolo_data_20220404_235_6.txt
yolo_data_20220404_49_8.png,yolo_data_20220404_49_8.txt
yolo_data_20220404_103_2.png,yolo_data_20220404_103_2.txt
yolo_data_20220404_166_3.png,yolo_data_20220404_166_3.txt
yolo_data_20220404_87_1.png,yolo_data_20220404_87_1.txt
yolo_data_20220404_133_6.png,yolo_data_20220404_133_6.txt
yolo_data_20220404_169_6.png,yolo_data_20220404_169_6.txt
yolo_data_20220404_29_5.png,yolo_data_20220404_29_5.txt
yolo_data_20220404_77_9.png,yolo_data_20220404_77_9.txt
yolo_data_20220404_67_9.png,yolo_data_20220404_67_9.txt
yolo_data_20220404_114_10.png,yolo_data_20220404_114_10.txt
yolo_data_20220404_117_2.png,yolo_data_20220404_117_2.txt
yolo_data_20220404_76_2.png,yolo_data_20220404_76_2.txt
yolo_data_20220404_233_1.png,yolo_data_20220404_233_1.txt
yolo_data_20220404_124_1.png,yolo_data_20220404_124_1.txt
yolo_data_20220404_62_2.png,yolo_data_20220404_62_2.txt
yolo_data_20220404_57_3.png,yolo_data_20220404_57_3.txt
yolo_data_20220404_66_2.png,yolo_data_20220404_66_2.txt
yolo_data_20220404_208_4.png,yolo_data_20220404_208_4.txt
yolo_data_20220404_109_7.png,yolo_data_20220404_109_7.txt
yolo_data_20220404_132_3.png,yolo_data_20220404_132_3.txt
yolo_data_20220404_241_1.png,yolo_data_20220404_241_1.txt
yolo_data_20220404_106_4.png,yolo_data_20220404_106_4.txt
yolo_data_20220404_189_6.png,yolo_data_20220404_189_6.txt
yolo_data_20220404_148_8.png,yolo_data_20220404_148_8.txt
yolo_data_20220404_217_4.png,yolo_data_20220404_217_4.txt
yolo_data_20220404_134_8.png,yolo_data_20220404_134_8.txt
yolo_data_20220404_31_7.png,yolo_data_20220404_31_7.txt
yolo_data_20220404_218_8.png,yolo_data_20220404_218_8.txt
yolo_data_20220404_111_4.png,yolo_data_20220404_111_4.txt
yolo_data_20220404_33_4.png,yolo_data_20220404_33_4.txt
yolo_data_20220404_107_10.png,yolo_data_20220404_107_10.txt
yolo_data_20220404_81_6.png,yolo_data_20220404_81_6.txt
yolo_data_20220404_93_2.png,yolo_data_20220404_93_2.txt
yolo_data_20220404_226_5.png,yolo_data_20220404_226_5.txt
yolo_data_20220404_75_6.png,yolo_data_20220404_75_6.txt
yolo_data_20220404_212_5.png,yolo_data_20220404_212_5.txt
yolo_data_20220404_238_10.png,yolo_data_20220404_238_10.txt
yolo_data_20220404_250_6.png,yolo_data_20220404_250_6.txt
yolo_data_20220404_157_3.png,yolo_data_20220404_157_3.txt
yolo_data_20220404_187_5.png,yolo_data_20220404_187_5.txt
yolo_data_20220404_195_6.png,yolo_data_20220404_195_6.txt
yolo_data_20220404_123_2.png,yolo_data_20220404_123_2.txt
yolo_data_20220404_32_6.png,yolo_data_20220404_32_6.txt
yolo_data_20220404_10_7.png,yolo_data_20220404_10_7.txt
yolo_data_20220404_160_10.png,yolo_data_20220404_160_10.txt
yolo_data_20220404_1_9.png,yolo_data_20220404_1_9.txt
yolo_data_20220404_185_4.png,yolo_data_20220404_185_4.txt
yolo_data_20220404_123_9.png,yolo_data_20220404_123_9.txt
yolo_data_20220404_47_2.png,yolo_data_20220404_47_2.txt
yolo_data_20220404_27_9.png,yolo_data_20220404_27_9.txt
yolo_data_20220404_217_2.png,yolo_data_20220404_217_2.txt
yolo_data_20220404_92_3.png,yolo_data_20220404_92_3.txt
yolo_data_20220404_242_4.png,yolo_data_20220404_242_4.txt
yolo_data_20220404_223_2.png,yolo_data_20220404_223_2.txt
yolo_data_20220404_137_9.png,yolo_data_20220404_137_9.txt
yolo_data_20220404_231_10.png,yolo_data_20220404_231_10.txt
yolo_data_20220404_140_9.png,yolo_data_20220404_140_9.txt
yolo_data_20220404_53_5.png,yolo_data_20220404_53_5.txt
yolo_data_20220404_73_5.png,yolo_data_20220404_73_5.txt
yolo_data_20220404_63_9.png,yolo_data_20220404_63_9.txt
yolo_data_20220404_178_10.png,yolo_data_20220404_178_10.txt
yolo_data_20220404_148_3.png,yolo_data_20220404_148_3.txt
yolo_data_20220404_176_8.png,yolo_data_20220404_176_8.txt
yolo_data_20220404_199_5.png,yolo_data_20220404_199_5.txt
yolo_data_20220404_175_4.png,yolo_data_20220404_175_4.txt
yolo_data_20220404_71_5.png,yolo_data_20220404_71_5.txt
yolo_data_20220404_78_5.png,yolo_data_20220404_78_5.txt
yolo_data_20220404_147_5.png,yolo_data_20220404_147_5.txt
yolo_data_20220404_180_10.png,yolo_data_20220404_180_10.txt
yolo_data_20220404_10_10.png,yolo_data_20220404_10_10.txt
yolo_data_20220404_244_7.png,yolo_data_20220404_244_7.txt
yolo_data_20220404_213_7.png,yolo_data_20220404_213_7.txt
yolo_data_20220404_210_3.png,yolo_data_20220404_210_3.txt
yolo_data_20220404_68_6.png,yolo_data_20220404_68_6.txt
yolo_data_20220404_168_4.png,yolo_data_20220404_168_4.txt
yolo_data_20220404_19_7.png,yolo_data_20220404_19_7.txt
yolo_data_20220404_198_8.png,yolo_data_20220404_198_8.txt
yolo_data_20220404_244_6.png,yolo_data_20220404_244_6.txt
yolo_data_20220404_32_4.png,yolo_data_20220404_32_4.txt
yolo_data_20220404_70_10.png,yolo_data_20220404_70_10.txt
yolo_data_20220404_76_9.png,yolo_data_20220404_76_9.txt
yolo_data_20220404_184_4.png,yolo_data_20220404_184_4.txt
yolo_data_20220404_71_3.png,yolo_data_20220404_71_3.txt
yolo_data_20220404_169_8.png,yolo_data_20220404_169_8.txt
yolo_data_20220404_199_4.png,yolo_data_20220404_199_4.txt
yolo_data_20220404_20_6.png,yolo_data_20220404_20_6.txt
yolo_data_20220404_97_5.png,yolo_data_20220404_97_5.txt
yolo_data_20220404_128_2.png,yolo_data_20220404_128_2.txt
yolo_data_20220404_24_4.png,yolo_data_20220404_24_4.txt
yolo_data_20220404_44_5.png,yolo_data_20220404_44_5.txt
yolo_data_20220404_233_4.png,yolo_data_20220404_233_4.txt
yolo_data_20220404_201_6.png,yolo_data_20220404_201_6.txt
yolo_data_20220404_5_3.png,yolo_data_20220404_5_3.txt
yolo_data_20220404_159_2.png,yolo_data_20220404_159_2.txt
yolo_data_20220404_209_2.png,yolo_data_20220404_209_2.txt
yolo_data_20220404_186_9.png,yolo_data_20220404_186_9.txt
yolo_data_20220404_43_5.png,yolo_data_20220404_43_5.txt
yolo_data_20220404_52_1.png,yolo_data_20220404_52_1.txt
yolo_data_20220404_155_1.png,yolo_data_20220404_155_1.txt
yolo_data_20220404_154_1.png,yolo_data_20220404_154_1.txt
yolo_data_20220404_67_10.png,yolo_data_20220404_67_10.txt
yolo_data_20220404_40_5.png,yolo_data_20220404_40_5.txt
yolo_data_20220404_55_9.png,yolo_data_20220404_55_9.txt
yolo_data_20220404_215_8.png,yolo_data_20220404_215_8.txt
yolo_data_20220404_90_9.png,yolo_data_20220404_90_9.txt
yolo_data_20220404_179_7.png,yolo_data_20220404_179_7.txt
yolo_data_20220404_137_5.png,yolo_data_20220404_137_5.txt
yolo_data_20220404_222_8.png,yolo_data_20220404_222_8.txt
yolo_data_20220404_231_3.png,yolo_data_20220404_231_3.txt
yolo_data_20220404_151_6.png,yolo_data_20220404_151_6.txt
yolo_data_20220404_104_10.png,yolo_data_20220404_104_10.txt
yolo_data_20220404_82_7.png,yolo_data_20220404_82_7.txt
yolo_data_20220404_206_3.png,yolo_data_20220404_206_3.txt
yolo_data_20220404_14_2.png,yolo_data_20220404_14_2.txt
yolo_data_20220404_227_1.png,yolo_data_20220404_227_1.txt
yolo_data_20220404_6_8.png,yolo_data_20220404_6_8.txt
yolo_data_20220404_66_10.png,yolo_data_20220404_66_10.txt
yolo_data_20220404_22_4.png,yolo_data_20220404_22_4.txt
yolo_data_20220404_182_8.png,yolo_data_20220404_182_8.txt
yolo_data_20220404_237_1.png,yolo_data_20220404_237_1.txt
yolo_data_20220404_31_10.png,yolo_data_20220404_31_10.txt
yolo_data_20220404_6_5.png,yolo_data_20220404_6_5.txt
yolo_data_20220404_138_10.png,yolo_data_20220404_138_10.txt
yolo_data_20220404_235_5.png,yolo_data_20220404_235_5.txt
yolo_data_20220404_168_3.png,yolo_data_20220404_168_3.txt
yolo_data_20220404_141_3.png,yolo_data_20220404_141_3.txt
yolo_data_20220404_126_10.png,yolo_data_20220404_126_10.txt
yolo_data_20220404_174_6.png,yolo_data_20220404_174_6.txt
yolo_data_20220404_157_2.png,yolo_data_20220404_157_2.txt
yolo_data_20220404_236_3.png,yolo_data_20220404_236_3.txt
yolo_data_20220404_35_8.png,yolo_data_20220404_35_8.txt
yolo_data_20220404_239_4.png,yolo_data_20220404_239_4.txt
yolo_data_20220404_87_3.png,yolo_data_20220404_87_3.txt
yolo_data_20220404_82_2.png,yolo_data_20220404_82_2.txt
yolo_data_20220404_242_5.png,yolo_data_20220404_242_5.txt
yolo_data_20220404_122_10.png,yolo_data_20220404_122_10.txt
yolo_data_20220404_14_3.png,yolo_data_20220404_14_3.txt
yolo_data_20220404_49_2.png,yolo_data_20220404_49_2.txt
yolo_data_20220404_136_5.png,yolo_data_20220404_136_5.txt
yolo_data_20220404_169_9.png,yolo_data_20220404_169_9.txt
yolo_data_20220404_1_4.png,yolo_data_20220404_1_4.txt
yolo_data_20220404_98_7.png,yolo_data_20220404_98_7.txt
yolo_data_20220404_124_6.png,yolo_data_20220404_124_6.txt
yolo_data_20220404_227_2.png,yolo_data_20220404_227_2.txt
yolo_data_20220404_135_5.png,yolo_data_20220404_135_5.txt
yolo_data_20220404_6_3.png,yolo_data_20220404_6_3.txt
yolo_data_20220404_127_5.png,yolo_data_20220404_127_5.txt
yolo_data_20220404_153_10.png,yolo_data_20220404_153_10.txt
yolo_data_20220404_176_2.png,yolo_data_20220404_176_2.txt
yolo_data_20220404_74_5.png,yolo_data_20220404_74_5.txt
yolo_data_20220404_93_9.png,yolo_data_20220404_93_9.txt
yolo_data_20220404_226_7.png,yolo_data_20220404_226_7.txt
yolo_data_20220404_131_3.png,yolo_data_20220404_131_3.txt
yolo_data_20220404_206_5.png,yolo_data_20220404_206_5.txt
yolo_data_20220404_22_7.png,yolo_data_20220404_22_7.txt
yolo_data_20220404_121_8.png,yolo_data_20220404_121_8.txt
yolo_data_20220404_164_7.png,yolo_data_20220404_164_7.txt
yolo_data_20220404_116_1.png,yolo_data_20220404_116_1.txt
yolo_data_20220404_59_7.png,yolo_data_20220404_59_7.txt
yolo_data_20220404_206_10.png,yolo_data_20220404_206_10.txt
yolo_data_20220404_37_2.png,yolo_data_20220404_37_2.txt
yolo_data_20220404_242_6.png,yolo_data_20220404_242_6.txt
yolo_data_20220404_184_5.png,yolo_data_20220404_184_5.txt
yolo_data_20220404_64_6.png,yolo_data_20220404_64_6.txt
yolo_data_20220404_7_1.png,yolo_data_20220404_7_1.txt
yolo_data_20220404_62_8.png,yolo_data_20220404_62_8.txt
yolo_data_20220404_192_3.png,yolo_data_20220404_192_3.txt
yolo_data_20220404_66_5.png,yolo_data_20220404_66_5.txt
yolo_data_20220404_170_2.png,yolo_data_20220404_170_2.txt
yolo_data_20220404_228_9.png,yolo_data_20220404_228_9.txt
yolo_data_20220404_106_7.png,yolo_data_20220404_106_7.txt
yolo_data_20220404_246_10.png,yolo_data_20220404_246_10.txt
yolo_data_20220404_3_8.png,yolo_data_20220404_3_8.txt
yolo_data_20220404_156_7.png,yolo_data_20220404_156_7.txt
yolo_data_20220404_192_5.png,yolo_data_20220404_192_5.txt
yolo_data_20220404_90_2.png,yolo_data_20220404_90_2.txt
yolo_data_20220404_152_7.png,yolo_data_20220404_152_7.txt
yolo_data_20220404_160_4.png,yolo_data_20220404_160_4.txt
yolo_data_20220404_156_2.png,yolo_data_20220404_156_2.txt
yolo_data_20220404_199_1.png,yolo_data_20220404_199_1.txt
yolo_data_20220404_218_9.png,yolo_data_20220404_218_9.txt
yolo_data_20220404_82_6.png,yolo_data_20220404_82_6.txt
yolo_data_20220404_56_3.png,yolo_data_20220404_56_3.txt
yolo_data_20220404_225_2.png,yolo_data_20220404_225_2.txt
yolo_data_20220404_190_1.png,yolo_data_20220404_190_1.txt
yolo_data_20220404_237_10.png,yolo_data_20220404_237_10.txt
yolo_data_20220404_38_2.png,yolo_data_20220404_38_2.txt
yolo_data_20220404_245_4.png,yolo_data_20220404_245_4.txt
yolo_data_20220404_5_8.png,yolo_data_20220404_5_8.txt
yolo_data_20220404_103_5.png,yolo_data_20220404_103_5.txt
yolo_data_20220404_62_5.png,yolo_data_20220404_62_5.txt
yolo_data_20220404_103_4.png,yolo_data_20220404_103_4.txt
yolo_data_20220404_203_6.png,yolo_data_20220404_203_6.txt
yolo_data_20220404_33_10.png,yolo_data_20220404_33_10.txt
yolo_data_20220404_201_8.png,yolo_data_20220404_201_8.txt
yolo_data_20220404_220_6.png,yolo_data_20220404_220_6.txt
yolo_data_20220404_237_6.png,yolo_data_20220404_237_6.txt
yolo_data_20220404_207_5.png,yolo_data_20220404_207_5.txt
yolo_data_20220404_212_4.png,yolo_data_20220404_212_4.txt
yolo_data_20220404_198_2.png,yolo_data_20220404_198_2.txt
yolo_data_20220404_140_7.png,yolo_data_20220404_140_7.txt
yolo_data_20220404_220_7.png,yolo_data_20220404_220_7.txt
yolo_data_20220404_225_6.png,yolo_data_20220404_225_6.txt
yolo_data_20220404_137_8.png,yolo_data_20220404_137_8.txt
yolo_data_20220404_18_1.png,yolo_data_20220404_18_1.txt
yolo_data_20220404_94_1.png,yolo_data_20220404_94_1.txt
yolo_data_20220404_101_2.png,yolo_data_20220404_101_2.txt
yolo_data_20220404_208_3.png,yolo_data_20220404_208_3.txt
yolo_data_20220404_212_8.png,yolo_data_20220404_212_8.txt
yolo_data_20220404_68_3.png,yolo_data_20220404_68_3.txt
yolo_data_20220404_248_6.png,yolo_data_20220404_248_6.txt
yolo_data_20220404_155_10.png,yolo_data_20220404_155_10.txt
yolo_data_20220404_29_6.png,yolo_data_20220404_29_6.txt
yolo_data_20220404_149_7.png,yolo_data_20220404_149_7.txt
yolo_data_20220404_155_7.png,yolo_data_20220404_155_7.txt
yolo_data_20220404_230_7.png,yolo_data_20220404_230_7.txt
yolo_data_20220404_153_8.png,yolo_data_20220404_153_8.txt
yolo_data_20220404_230_10.png,yolo_data_20220404_230_10.txt
yolo_data_20220404_216_4.png,yolo_data_20220404_216_4.txt
yolo_data_20220404_116_5.png,yolo_data_20220404_116_5.txt
yolo_data_20220404_71_4.png,yolo_data_20220404_71_4.txt
yolo_data_20220404_111_5.png,yolo_data_20220404_111_5.txt
yolo_data_20220404_81_10.png,yolo_data_20220404_81_10.txt
yolo_data_20220404_137_1.png,yolo_data_20220404_137_1.txt
yolo_data_20220404_74_10.png,yolo_data_20220404_74_10.txt
yolo_data_20220404_21_4.png,yolo_data_20220404_21_4.txt
yolo_data_20220404_122_4.png,yolo_data_20220404_122_4.txt
yolo_data_20220404_215_1.png,yolo_data_20220404_215_1.txt
yolo_data_20220404_163_4.png,yolo_data_20220404_163_4.txt
yolo_data_20220404_173_5.png,yolo_data_20220404_173_5.txt
yolo_data_20220404_219_1.png,yolo_data_20220404_219_1.txt
yolo_data_20220404_3_7.png,yolo_data_20220404_3_7.txt
yolo_data_20220404_68_4.png,yolo_data_20220404_68_4.txt
yolo_data_20220404_179_10.png,yolo_data_20220404_179_10.txt
yolo_data_20220404_203_9.png,yolo_data_20220404_203_9.txt
yolo_data_20220404_37_6.png,yolo_data_20220404_37_6.txt
yolo_data_20220404_53_10.png,yolo_data_20220404_53_10.txt
yolo_data_20220404_188_5.png,yolo_data_20220404_188_5.txt
yolo_data_20220404_163_8.png,yolo_data_20220404_163_8.txt
yolo_data_20220404_2_5.png,yolo_data_20220404_2_5.txt
yolo_data_20220404_20_1.png,yolo_data_20220404_20_1.txt
yolo_data_20220404_218_5.png,yolo_data_20220404_218_5.txt
yolo_data_20220404_55_6.png,yolo_data_20220404_55_6.txt
yolo_data_20220404_51_1.png,yolo_data_20220404_51_1.txt
yolo_data_20220404_181_7.png,yolo_data_20220404_181_7.txt
yolo_data_20220404_77_2.png,yolo_data_20220404_77_2.txt
yolo_data_20220404_226_2.png,yolo_data_20220404_226_2.txt
yolo_data_20220404_53_8.png,yolo_data_20220404_53_8.txt
yolo_data_20220404_87_6.png,yolo_data_20220404_87_6.txt
yolo_data_20220404_202_1.png,yolo_data_20220404_202_1.txt
yolo_data_20220404_18_3.png,yolo_data_20220404_18_3.txt
yolo_data_20220404_225_5.png,yolo_data_20220404_225_5.txt
yolo_data_20220404_238_2.png,yolo_data_20220404_238_2.txt
yolo_data_20220404_194_10.png,yolo_data_20220404_194_10.txt
yolo_data_20220404_70_2.png,yolo_data_20220404_70_2.txt
yolo_data_20220404_121_4.png,yolo_data_20220404_121_4.txt
yolo_data_20220404_114_8.png,yolo_data_20220404_114_8.txt
yolo_data_20220404_102_6.png,yolo_data_20220404_102_6.txt
yolo_data_20220404_26_6.png,yolo_data_20220404_26_6.txt
yolo_data_20220404_10_8.png,yolo_data_20220404_10_8.txt
yolo_data_20220404_78_4.png,yolo_data_20220404_78_4.txt
yolo_data_20220404_64_9.png,yolo_data_20220404_64_9.txt
yolo_data_20220404_24_6.png,yolo_data_20220404_24_6.txt
yolo_data_20220404_183_1.png,yolo_data_20220404_183_1.txt
yolo_data_20220404_181_5.png,yolo_data_20220404_181_5.txt
yolo_data_20220404_178_3.png,yolo_data_20220404_178_3.txt
yolo_data_20220404_36_5.png,yolo_data_20220404_36_5.txt
yolo_data_20220404_21_3.png,yolo_data_20220404_21_3.txt
yolo_data_20220404_242_7.png,yolo_data_20220404_242_7.txt
yolo_data_20220404_154_2.png,yolo_data_20220404_154_2.txt
yolo_data_20220404_4_3.png,yolo_data_20220404_4_3.txt
yolo_data_20220404_129_5.png,yolo_data_20220404_129_5.txt
yolo_data_20220404_201_4.png,yolo_data_20220404_201_4.txt
yolo_data_20220404_56_10.png,yolo_data_20220404_56_10.txt
yolo_data_20220404_165_3.png,yolo_data_20220404_165_3.txt
yolo_data_20220404_243_10.png,yolo_data_20220404_243_10.txt
yolo_data_20220404_4_6.png,yolo_data_20220404_4_6.txt
yolo_data_20220404_181_3.png,yolo_data_20220404_181_3.txt
yolo_data_20220404_235_9.png,yolo_data_20220404_235_9.txt
yolo_data_20220404_91_7.png,yolo_data_20220404_91_7.txt
yolo_data_20220404_123_7.png,yolo_data_20220404_123_7.txt
yolo_data_20220404_65_5.png,yolo_data_20220404_65_5.txt
yolo_data_20220404_19_5.png,yolo_data_20220404_19_5.txt
yolo_data_20220404_140_1.png,yolo_data_20220404_140_1.txt
yolo_data_20220404_206_8.png,yolo_data_20220404_206_8.txt
yolo_data_20220404_238_8.png,yolo_data_20220404_238_8.txt
yolo_data_20220404_78_10.png,yolo_data_20220404_78_10.txt
yolo_data_20220404_44_10.png,yolo_data_20220404_44_10.txt
yolo_data_20220404_71_7.png,yolo_data_20220404_71_7.txt
yolo_data_20220404_94_9.png,yolo_data_20220404_94_9.txt
yolo_data_20220404_111_3.png,yolo_data_20220404_111_3.txt
yolo_data_20220404_57_5.png,yolo_data_20220404_57_5.txt
yolo_data_20220404_23_3.png,yolo_data_20220404_23_3.txt
yolo_data_20220404_195_10.png,yolo_data_20220404_195_10.txt
yolo_data_20220404_70_4.png,yolo_data_20220404_70_4.txt
yolo_data_20220404_220_4.png,yolo_data_20220404_220_4.txt
yolo_data_20220404_149_2.png,yolo_data_20220404_149_2.txt
yolo_data_20220404_229_5.png,yolo_data_20220404_229_5.txt
yolo_data_20220404_172_2.png,yolo_data_20220404_172_2.txt
yolo_data_20220404_126_4.png,yolo_data_20220404_126_4.txt
yolo_data_20220404_23_5.png,yolo_data_20220404_23_5.txt
yolo_data_20220404_111_9.png,yolo_data_20220404_111_9.txt
yolo_data_20220404_199_9.png,yolo_data_20220404_199_9.txt
yolo_data_20220404_75_4.png,yolo_data_20220404_75_4.txt
yolo_data_20220404_40_8.png,yolo_data_20220404_40_8.txt
yolo_data_20220404_246_9.png,yolo_data_20220404_246_9.txt
yolo_data_20220404_45_1.png,yolo_data_20220404_45_1.txt
yolo_data_20220404_238_9.png,yolo_data_20220404_238_9.txt
yolo_data_20220404_80_5.png,yolo_data_20220404_80_5.txt
yolo_data_20220404_250_4.png,yolo_data_20220404_250_4.txt
yolo_data_20220404_170_3.png,yolo_data_20220404_170_3.txt
yolo_data_20220404_25_9.png,yolo_data_20220404_25_9.txt
yolo_data_20220404_157_4.png,yolo_data_20220404_157_4.txt
yolo_data_20220404_228_5.png,yolo_data_20220404_228_5.txt
yolo_data_20220404_20_2.png,yolo_data_20220404_20_2.txt
yolo_data_20220404_194_1.png,yolo_data_20220404_194_1.txt
yolo_data_20220404_85_6.png,yolo_data_20220404_85_6.txt
yolo_data_20220404_100_4.png,yolo_data_20220404_100_4.txt
yolo_data_20220404_112_1.png,yolo_data_20220404_112_1.txt
yolo_data_20220404_46_10.png,yolo_data_20220404_46_10.txt
yolo_data_20220404_108_10.png,yolo_data_20220404_108_10.txt
yolo_data_20220404_125_7.png,yolo_data_20220404_125_7.txt
yolo_data_20220404_25_7.png,yolo_data_20220404_25_7.txt
yolo_data_20220404_95_2.png,yolo_data_20220404_95_2.txt
yolo_data_20220404_197_1.png,yolo_data_20220404_197_1.txt
yolo_data_20220404_179_2.png,yolo_data_20220404_179_2.txt
yolo_data_20220404_113_6.png,yolo_data_20220404_113_6.txt
yolo_data_20220404_147_10.png,yolo_data_20220404_147_10.txt
yolo_data_20220404_225_3.png,yolo_data_20220404_225_3.txt
yolo_data_20220404_128_10.png,yolo_data_20220404_128_10.txt
yolo_data_20220404_177_8.png,yolo_data_20220404_177_8.txt
yolo_data_20220404_63_5.png,yolo_data_20220404_63_5.txt
yolo_data_20220404_91_10.png,yolo_data_20220404_91_10.txt
yolo_data_20220404_177_6.png,yolo_data_20220404_177_6.txt
yolo_data_20220404_72_6.png,yolo_data_20220404_72_6.txt
yolo_data_20220404_98_4.png,yolo_data_20220404_98_4.txt
yolo_data_20220404_47_9.png,yolo_data_20220404_47_9.txt
yolo_data_20220404_210_10.png,yolo_data_20220404_210_10.txt
yolo_data_20220404_75_3.png,yolo_data_20220404_75_3.txt
yolo_data_20220404_67_6.png,yolo_data_20220404_67_6.txt
yolo_data_20220404_174_1.png,yolo_data_20220404_174_1.txt
yolo_data_20220404_4_8.png,yolo_data_20220404_4_8.txt
yolo_data_20220404_109_8.png,yolo_data_20220404_109_8.txt
yolo_data_20220404_101_3.png,yolo_data_20220404_101_3.txt
yolo_data_20220404_88_7.png,yolo_data_20220404_88_7.txt
yolo_data_20220404_193_1.png,yolo_data_20220404_193_1.txt
yolo_data_20220404_200_2.png,yolo_data_20220404_200_2.txt
yolo_data_20220404_212_6.png,yolo_data_20220404_212_6.txt
yolo_data_20220404_140_2.png,yolo_data_20220404_140_2.txt
yolo_data_20220404_129_3.png,yolo_data_20220404_129_3.txt
yolo_data_20220404_129_6.png,yolo_data_20220404_129_6.txt
yolo_data_20220404_46_9.png,yolo_data_20220404_46_9.txt
yolo_data_20220404_200_4.png,yolo_data_20220404_200_4.txt
yolo_data_20220404_69_8.png,yolo_data_20220404_69_8.txt
yolo_data_20220404_192_1.png,yolo_data_20220404_192_1.txt
yolo_data_20220404_18_9.png,yolo_data_20220404_18_9.txt
yolo_data_20220404_52_8.png,yolo_data_20220404_52_8.txt
yolo_data_20220404_125_1.png,yolo_data_20220404_125_1.txt
yolo_data_20220404_75_5.png,yolo_data_20220404_75_5.txt
yolo_data_20220404_145_8.png,yolo_data_20220404_145_8.txt
yolo_data_20220404_8_8.png,yolo_data_20220404_8_8.txt
yolo_data_20220404_201_3.png,yolo_data_20220404_201_3.txt
yolo_data_20220404_30_4.png,yolo_data_20220404_30_4.txt
yolo_data_20220404_166_8.png,yolo_data_20220404_166_8.txt
yolo_data_20220404_207_6.png,yolo_data_20220404_207_6.txt
yolo_data_20220404_173_10.png,yolo_data_20220404_173_10.txt
yolo_data_20220404_174_4.png,yolo_data_20220404_174_4.txt
yolo_data_20220404_100_5.png,yolo_data_20220404_100_5.txt
yolo_data_20220404_224_8.png,yolo_data_20220404_224_8.txt
yolo_data_20220404_130_7.png,yolo_data_20220404_130_7.txt
yolo_data_20220404_50_1.png,yolo_data_20220404_50_1.txt
yolo_data_20220404_168_9.png,yolo_data_20220404_168_9.txt
yolo_data_20220404_214_8.png,yolo_data_20220404_214_8.txt
yolo_data_20220404_185_8.png,yolo_data_20220404_185_8.txt
yolo_data_20220404_41_8.png,yolo_data_20220404_41_8.txt
yolo_data_20220404_126_1.png,yolo_data_20220404_126_1.txt
yolo_data_20220404_87_9.png,yolo_data_20220404_87_9.txt
yolo_data_20220404_232_3.png,yolo_data_20220404_232_3.txt
yolo_data_20220404_169_10.png,yolo_data_20220404_169_10.txt
yolo_data_20220404_59_10.png,yolo_data_20220404_59_10.txt
yolo_data_20220404_113_8.png,yolo_data_20220404_113_8.txt
yolo_data_20220404_158_5.png,yolo_data_20220404_158_5.txt
yolo_data_20220404_193_9.png,yolo_data_20220404_193_9.txt
yolo_data_20220404_233_6.png,yolo_data_20220404_233_6.txt
yolo_data_20220404_121_2.png,yolo_data_20220404_121_2.txt
yolo_data_20220404_61_3.png,yolo_data_20220404_61_3.txt
yolo_data_20220404_86_10.png,yolo_data_20220404_86_10.txt
yolo_data_20220404_55_8.png,yolo_data_20220404_55_8.txt
yolo_data_20220404_223_10.png,yolo_data_20220404_223_10.txt
yolo_data_20220404_178_2.png,yolo_data_20220404_178_2.txt
yolo_data_20220404_227_10.png,yolo_data_20220404_227_10.txt
yolo_data_20220404_205_2.png,yolo_data_20220404_205_2.txt
yolo_data_20220404_4_5.png,yolo_data_20220404_4_5.txt
yolo_data_20220404_132_6.png,yolo_data_20220404_132_6.txt
yolo_data_20220404_30_5.png,yolo_data_20220404_30_5.txt
yolo_data_20220404_183_10.png,yolo_data_20220404_183_10.txt
yolo_data_20220404_210_6.png,yolo_data_20220404_210_6.txt
yolo_data_20220404_232_7.png,yolo_data_20220404_232_7.txt
yolo_data_20220404_17_8.png,yolo_data_20220404_17_8.txt
yolo_data_20220404_17_9.png,yolo_data_20220404_17_9.txt
yolo_data_20220404_189_8.png,yolo_data_20220404_189_8.txt
yolo_data_20220404_156_4.png,yolo_data_20220404_156_4.txt
yolo_data_20220404_217_6.png,yolo_data_20220404_217_6.txt
yolo_data_20220404_47_8.png,yolo_data_20220404_47_8.txt
yolo_data_20220404_150_4.png,yolo_data_20220404_150_4.txt
yolo_data_20220404_14_5.png,yolo_data_20220404_14_5.txt
yolo_data_20220404_34_8.png,yolo_data_20220404_34_8.txt
yolo_data_20220404_195_7.png,yolo_data_20220404_195_7.txt
yolo_data_20220404_113_3.png,yolo_data_20220404_113_3.txt
yolo_data_20220404_84_4.png,yolo_data_20220404_84_4.txt
yolo_data_20220404_182_7.png,yolo_data_20220404_182_7.txt
yolo_data_20220404_243_7.png,yolo_data_20220404_243_7.txt
yolo_data_20220404_13_4.png,yolo_data_20220404_13_4.txt
yolo_data_20220404_132_2.png,yolo_data_20220404_132_2.txt
yolo_data_20220404_59_8.png,yolo_data_20220404_59_8.txt
yolo_data_20220404_38_8.png,yolo_data_20220404_38_8.txt
yolo_data_20220404_197_5.png,yolo_data_20220404_197_5.txt
yolo_data_20220404_101_9.png,yolo_data_20220404_101_9.txt
yolo_data_20220404_11_6.png,yolo_data_20220404_11_6.txt
yolo_data_20220404_127_1.png,yolo_data_20220404_127_1.txt
yolo_data_20220404_151_8.png,yolo_data_20220404_151_8.txt
yolo_data_20220404_165_10.png,yolo_data_20220404_165_10.txt
yolo_data_20220404_154_6.png,yolo_data_20220404_154_6.txt
yolo_data_20220404_38_7.png,yolo_data_20220404_38_7.txt
yolo_data_20220404_232_4.png,yolo_data_20220404_232_4.txt
yolo_data_20220404_96_4.png,yolo_data_20220404_96_4.txt
yolo_data_20220404_69_10.png,yolo_data_20220404_69_10.txt
yolo_data_20220404_248_4.png,yolo_data_20220404_248_4.txt
yolo_data_20220404_136_1.png,yolo_data_20220404_136_1.txt
yolo_data_20220404_102_7.png,yolo_data_20220404_102_7.txt
yolo_data_20220404_147_7.png,yolo_data_20220404_147_7.txt
yolo_data_20220404_223_4.png,yolo_data_20220404_223_4.txt
yolo_data_20220404_219_2.png,yolo_data_20220404_219_2.txt
yolo_data_20220404_69_2.png,yolo_data_20220404_69_2.txt
yolo_data_20220404_137_7.png,yolo_data_20220404_137_7.txt
yolo_data_20220404_123_5.png,yolo_data_20220404_123_5.txt
yolo_data_20220404_96_2.png,yolo_data_20220404_96_2.txt
yolo_data_20220404_102_9.png,yolo_data_20220404_102_9.txt
yolo_data_20220404_121_5.png,yolo_data_20220404_121_5.txt
yolo_data_20220404_237_5.png,yolo_data_20220404_237_5.txt
yolo_data_20220404_114_6.png,yolo_data_20220404_114_6.txt
yolo_data_20220404_211_9.png,yolo_data_20220404_211_9.txt
yolo_data_20220404_64_5.png,yolo_data_20220404_64_5.txt
yolo_data_20220404_41_7.png,yolo_data_20220404_41_7.txt
yolo_data_20220404_190_3.png,yolo_data_20220404_190_3.txt
yolo_data_20220404_1_8.png,yolo_data_20220404_1_8.txt
yolo_data_20220404_194_3.png,yolo_data_20220404_194_3.txt
yolo_data_20220404_172_6.png,yolo_data_20220404_172_6.txt
yolo_data_20220404_103_8.png,yolo_data_20220404_103_8.txt
yolo_data_20220404_129_7.png,yolo_data_20220404_129_7.txt
yolo_data_20220404_150_10.png,yolo_data_20220404_150_10.txt
yolo_data_20220404_185_5.png,yolo_data_20220404_185_5.txt
yolo_data_20220404_51_6.png,yolo_data_20220404_51_6.txt
yolo_data_20220404_83_7.png,yolo_data_20220404_83_7.txt
yolo_data_20220404_166_9.png,yolo_data_20220404_166_9.txt
yolo_data_20220404_94_5.png,yolo_data_20220404_94_5.txt
yolo_data_20220404_77_10.png,yolo_data_20220404_77_10.txt
yolo_data_20220404_157_1.png,yolo_data_20220404_157_1.txt
yolo_data_20220404_132_4.png,yolo_data_20220404_132_4.txt
yolo_data_20220404_244_1.png,yolo_data_20220404_244_1.txt
yolo_data_20220404_84_7.png,yolo_data_20220404_84_7.txt
yolo_data_20220404_82_4.png,yolo_data_20220404_82_4.txt
yolo_data_20220404_234_1.png,yolo_data_20220404_234_1.txt
yolo_data_20220404_95_9.png,yolo_data_20220404_95_9.txt
yolo_data_20220404_62_6.png,yolo_data_20220404_62_6.txt
yolo_data_20220404_126_2.png,yolo_data_20220404_126_2.txt
yolo_data_20220404_4_9.png,yolo_data_20220404_4_9.txt
yolo_data_20220404_163_2.png,yolo_data_20220404_163_2.txt
yolo_data_20220404_127_9.png,yolo_data_20220404_127_9.txt
yolo_data_20220404_163_10.png,yolo_data_20220404_163_10.txt
